company_id,year,compounding_sales_growth_pct,compounding_profit_growth_pct,stock_price_cagr_pct,roe_pct
1,FY11,12.5,15.0,18.0,16.5
1,FY12,12.5,15.0,18.0,16.5
1,FY13,12.5,15.0,18.0,16.5
1,FY14,12.5,15.0,18.0,16.5
1,FY15,12.5,15.0,18.0,16.5
1,FY16,12.5,15.0,18.0,16.5
1,FY17,12.5,15.0,18.0,16.5
1,FY18,12.5,15.0,18.0,16.5
1,FY19,12.5,15.0,18.0,16.5
1,FY20,12.5,15.0,18.0,16.5
1,FY21,12.5,15.0,18.0,16.5
1,FY22,12.5,15.0,18.0,16.5
1,FY23,12.5,15.0,18.0,16.5
1,FY24,12.5,15.0,18.0,16.5
2,FY11,12.5,15.0,18.0,16.5
2,FY12,12.5,15.0,18.0,16.5
2,FY13,12.5,15.0,18.0,16.5
2,FY14,12.5,15.0,18.0,16.5
2,FY15,12.5,15.0,18.0,16.5
2,FY16,12.5,15.0,18.0,16.5
2,FY17,12.5,15.0,18.0,16.5
2,FY18,12.5,15.0,18.0,16.5
2,FY19,12.5,15.0,18.0,16.5
2,FY20,12.5,15.0,18.0,16.5
2,FY21,12.5,15.0,18.0,16.5
2,FY22,12.5,15.0,18.0,16.5
2,FY23,12.5,15.0,18.0,16.5
2,FY24,12.5,15.0,18.0,16.5
3,FY11,12.5,15.0,18.0,16.5
3,FY12,12.5,15.0,18.0,16.5
3,FY13,12.5,15.0,18.0,16.5
3,FY14,12.5,15.0,18.0,16.5
3,FY15,12.5,15.0,18.0,16.5
3,FY16,12.5,15.0,18.0,16.5
3,FY17,12.5,15.0,18.0,16.5
3,FY18,12.5,15.0,18.0,16.5
3,FY19,12.5,15.0,18.0,16.5
3,FY20,12.5,15.0,18.0,16.5
3,FY21,12.5,15.0,18.0,16.5
3,FY22,12.5,15.0,18.0,16.5
3,FY23,12.5,15.0,18.0,16.5
3,FY24,12.5,15.0,18.0,16.5
4,FY11,12.5,15.0,18.0,16.5
4,FY12,12.5,15.0,18.0,16.5
4,FY13,12.5,15.0,18.0,16.5
4,FY14,12.5,15.0,18.0,16.5
4,FY15,12.5,15.0,18.0,16.5
4,FY16,12.5,15.0,18.0,16.5
4,FY17,12.5,15.0,18.0,16.5
4,FY18,12.5,15.0,18.0,16.5
4,FY19,12.5,15.0,18.0,16.5
4,FY20,12.5,15.0,18.0,16.5
4,FY21,12.5,15.0,18.0,16.5
4,FY22,12.5,15.0,18.0,16.5
4,FY23,12.5,15.0,18.0,16.5
4,FY24,12.5,15.0,18.0,16.5
5,FY11,12.5,15.0,18.0,16.5
5,FY12,12.5,15.0,18.0,16.5
5,FY13,12.5,15.0,18.0,16.5
5,FY14,12.5,15.0,18.0,16.5
5,FY15,12.5,15.0,18.0,16.5
5,FY16,12.5,15.0,18.0,16.5
5,FY17,12.5,15.0,18.0,16.5
5,FY18,12.5,15.0,18.0,16.5
5,FY19,12.5,15.0,18.0,16.5
5,FY20,12.5,15.0,18.0,16.5
5,FY21,12.5,15.0,18.0,16.5
5,FY22,12.5,15.0,18.0,16.5
5,FY23,12.5,15.0,18.0,16.5
5,FY24,12.5,15.0,18.0,16.5
6,FY11,12.5,15.0,18.0,16.5
6,FY12,12.5,15.0,18.0,16.5
6,FY13,12.5,15.0,18.0,16.5
6,FY14,12.5,15.0,18.0,16.5
6,FY15,12.5,15.0,18.0,16.5
6,FY16,12.5,15.0,18.0,16.5
6,FY17,12.5,15.0,18.0,16.5
6,FY18,12.5,15.0,18.0,16.5
6,FY19,12.5,15.0,18.0,16.5
6,FY20,12.5,15.0,18.0,16.5
6,FY21,12.5,15.0,18.0,16.5
6,FY22,12.5,15.0,18.0,16.5
6,FY23,12.5,15.0,18.0,16.5
6,FY24,12.5,15.0,18.0,16.5
7,FY11,12.5,15.0,18.0,16.5
7,FY12,12.5,15.0,18.0,16.5
7,FY13,12.5,15.0,18.0,16.5
7,FY14,12.5,15.0,18.0,16.5
7,FY15,12.5,15.0,18.0,16.5
7,FY16,12.5,15.0,18.0,16.5
7,FY17,12.5,15.0,18.0,16.5
7,FY18,12.5,15.0,18.0,16.5
7,FY19,12.5,15.0,18.0,16.5
7,FY20,12.5,15.0,18.0,16.5
7,FY21,12.5,15.0,18.0,16.5
7,FY22,12.5,15.0,18.0,16.5
7,FY23,12.5,15.0,18.0,16.5
7,FY24,12.5,15.0,18.0,16.5
8,FY11,12.5,15.0,18.0,16.5
8,FY12,12.5,15.0,18.0,16.5
8,FY13,12.5,15.0,18.0,16.5
8,FY14,12.5,15.0,18.0,16.5
8,FY15,12.5,15.0,18.0,16.5
8,FY16,12.5,15.0,18.0,16.5
8,FY17,12.5,15.0,18.0,16.5
8,FY18,12.5,15.0,18.0,16.5
8,FY19,12.5,15.0,18.0,16.5
8,FY20,12.5,15.0,18.0,16.5
8,FY21,12.5,15.0,18.0,16.5
8,FY22,12.5,15.0,18.0,16.5
8,FY23,12.5,15.0,18.0,16.5
8,FY24,12.5,15.0,18.0,16.5
9,FY11,12.5,15.0,18.0,16.5
9,FY12,12.5,15.0,18.0,16.5
9,FY13,12.5,15.0,18.0,16.5
9,FY14,12.5,15.0,18.0,16.5
9,FY15,12.5,15.0,18.0,16.5
9,FY16,12.5,15.0,18.0,16.5
9,FY17,12.5,15.0,18.0,16.5
9,FY18,12.5,15.0,18.0,16.5
9,FY19,12.5,15.0,18.0,16.5
9,FY20,12.5,15.0,18.0,16.5
9,FY21,12.5,15.0,18.0,16.5
9,FY22,12.5,15.0,18.0,16.5
9,FY23,12.5,15.0,18.0,16.5
9,FY24,12.5,15.0,18.0,16.5
10,FY11,12.5,15.0,18.0,16.5
10,FY12,12.5,15.0,18.0,16.5
10,FY13,12.5,15.0,18.0,16.5
10,FY14,12.5,15.0,18.0,16.5
10,FY15,12.5,15.0,18.0,16.5
10,FY16,12.5,15.0,18.0,16.5
10,FY17,12.5,15.0,18.0,16.5
10,FY18,12.5,15.0,18.0,16.5
10,FY19,12.5,15.0,18.0,16.5
10,FY20,12.5,15.0,18.0,16.5
10,FY21,12.5,15.0,18.0,16.5
10,FY22,12.5,15.0,18.0,16.5
10,FY23,12.5,15.0,18.0,16.5
10,FY24,12.5,15.0,18.0,16.5
11,FY11,12.5,15.0,18.0,16.5
11,FY12,12.5,15.0,18.0,16.5
11,FY13,12.5,15.0,18.0,16.5
11,FY14,12.5,15.0,18.0,16.5
11,FY15,12.5,15.0,18.0,16.5
11,FY16,12.5,15.0,18.0,16.5
11,FY17,12.5,15.0,18.0,16.5
11,FY18,12.5,15.0,18.0,16.5
11,FY19,12.5,15.0,18.0,16.5
11,FY20,12.5,15.0,18.0,16.5
11,FY21,12.5,15.0,18.0,16.5
11,FY22,12.5,15.0,18.0,16.5
11,FY23,12.5,15.0,18.0,16.5
11,FY24,12.5,15.0,18.0,16.5
12,FY11,12.5,15.0,18.0,16.5
12,FY12,12.5,15.0,18.0,16.5
12,FY13,12.5,15.0,18.0,16.5
12,FY14,12.5,15.0,18.0,16.5
12,FY15,12.5,15.0,18.0,16.5
12,FY16,12.5,15.0,18.0,16.5
12,FY17,12.5,15.0,18.0,16.5
12,FY18,12.5,15.0,18.0,16.5
12,FY19,12.5,15.0,18.0,16.5
12,FY20,12.5,15.0,18.0,16.5
12,FY21,12.5,15.0,18.0,16.5
12,FY22,12.5,15.0,18.0,16.5
12,FY23,12.5,15.0,18.0,16.5
12,FY24,12.5,15.0,18.0,16.5
13,FY11,12.5,15.0,18.0,16.5
13,FY12,12.5,15.0,18.0,16.5
13,FY13,12.5,15.0,18.0,16.5
13,FY14,12.5,15.0,18.0,16.5
13,FY15,12.5,15.0,18.0,16.5
13,FY16,12.5,15.0,18.0,16.5
13,FY17,12.5,15.0,18.0,16.5
13,FY18,12.5,15.0,18.0,16.5
13,FY19,12.5,15.0,18.0,16.5
13,FY20,12.5,15.0,18.0,16.5
13,FY21,12.5,15.0,18.0,16.5
13,FY22,12.5,15.0,18.0,16.5
13,FY23,12.5,15.0,18.0,16.5
13,FY24,12.5,15.0,18.0,16.5
14,FY11,12.5,15.0,18.0,16.5
14,FY12,12.5,15.0,18.0,16.5
14,FY13,12.5,15.0,18.0,16.5
14,FY14,12.5,15.0,18.0,16.5
14,FY15,12.5,15.0,18.0,16.5
14,FY16,12.5,15.0,18.0,16.5
14,FY17,12.5,15.0,18.0,16.5
14,FY18,12.5,15.0,18.0,16.5
14,FY19,12.5,15.0,18.0,16.5
14,FY20,12.5,15.0,18.0,16.5
14,FY21,12.5,15.0,18.0,16.5
14,FY22,12.5,15.0,18.0,16.5
14,FY23,12.5,15.0,18.0,16.5
14,FY24,12.5,15.0,18.0,16.5
15,FY11,12.5,15.0,18.0,16.5
15,FY12,12.5,15.0,18.0,16.5
15,FY13,12.5,15.0,18.0,16.5
15,FY14,12.5,15.0,18.0,16.5
15,FY15,12.5,15.0,18.0,16.5
15,FY16,12.5,15.0,18.0,16.5
15,FY17,12.5,15.0,18.0,16.5
15,FY18,12.5,15.0,18.0,16.5
15,FY19,12.5,15.0,18.0,16.5
15,FY20,12.5,15.0,18.0,16.5
15,FY21,12.5,15.0,18.0,16.5
15,FY22,12.5,15.0,18.0,16.5
15,FY23,12.5,15.0,18.0,16.5
15,FY24,12.5,15.0,18.0,16.5
16,FY11,12.5,15.0,18.0,16.5
16,FY12,12.5,15.0,18.0,16.5
16,FY13,12.5,15.0,18.0,16.5
16,FY14,12.5,15.0,18.0,16.5
16,FY15,12.5,15.0,18.0,16.5
16,FY16,12.5,15.0,18.0,16.5
16,FY17,12.5,15.0,18.0,16.5
16,FY18,12.5,15.0,18.0,16.5
16,FY19,12.5,15.0,18.0,16.5
16,FY20,12.5,15.0,18.0,16.5
16,FY21,12.5,15.0,18.0,16.5
16,FY22,12.5,15.0,18.0,16.5
16,FY23,12.5,15.0,18.0,16.5
16,FY24,12.5,15.0,18.0,16.5
17,FY11,12.5,15.0,18.0,16.5
17,FY12,12.5,15.0,18.0,16.5
17,FY13,12.5,15.0,18.0,16.5
17,FY14,12.5,15.0,18.0,16.5
17,FY15,12.5,15.0,18.0,16.5
17,FY16,12.5,15.0,18.0,16.5
17,FY17,12.5,15.0,18.0,16.5
17,FY18,12.5,15.0,18.0,16.5
17,FY19,12.5,15.0,18.0,16.5
17,FY20,12.5,15.0,18.0,16.5
17,FY21,12.5,15.0,18.0,16.5
17,FY22,12.5,15.0,18.0,16.5
17,FY23,12.5,15.0,18.0,16.5
17,FY24,12.5,15.0,18.0,16.5
18,FY11,12.5,15.0,18.0,16.5
18,FY12,12.5,15.0,18.0,16.5
18,FY13,12.5,15.0,18.0,16.5
18,FY14,12.5,15.0,18.0,16.5
18,FY15,12.5,15.0,18.0,16.5
18,FY16,12.5,15.0,18.0,16.5
18,FY17,12.5,15.0,18.0,16.5
18,FY18,12.5,15.0,18.0,16.5
18,FY19,12.5,15.0,18.0,16.5
18,FY20,12.5,15.0,18.0,16.5
18,FY21,12.5,15.0,18.0,16.5
18,FY22,12.5,15.0,18.0,16.5
18,FY23,12.5,15.0,18.0,16.5
18,FY24,12.5,15.0,18.0,16.5
19,FY11,12.5,15.0,18.0,16.5
19,FY12,12.5,15.0,18.0,16.5
19,FY13,12.5,15.0,18.0,16.5
19,FY14,12.5,15.0,18.0,16.5
19,FY15,12.5,15.0,18.0,16.5
19,FY16,12.5,15.0,18.0,16.5
19,FY17,12.5,15.0,18.0,16.5
19,FY18,12.5,15.0,18.0,16.5
19,FY19,12.5,15.0,18.0,16.5
19,FY20,12.5,15.0,18.0,16.5
19,FY21,12.5,15.0,18.0,16.5
19,FY22,12.5,15.0,18.0,16.5
19,FY23,12.5,15.0,18.0,16.5
19,FY24,12.5,15.0,18.0,16.5
20,FY11,12.5,15.0,18.0,16.5
20,FY12,12.5,15.0,18.0,16.5
20,FY13,12.5,15.0,18.0,16.5
20,FY14,12.5,15.0,18.0,16.5
20,FY15,12.5,15.0,18.0,16.5
20,FY16,12.5,15.0,18.0,16.5
20,FY17,12.5,15.0,18.0,16.5
20,FY18,12.5,15.0,18.0,16.5
20,FY19,12.5,15.0,18.0,16.5
20,FY20,12.5,15.0,18.0,16.5
20,FY21,12.5,15.0,18.0,16.5
20,FY22,12.5,15.0,18.0,16.5
20,FY23,12.5,15.0,18.0,16.5
20,FY24,12.5,15.0,18.0,16.5
21,FY11,12.5,15.0,18.0,16.5
21,FY12,12.5,15.0,18.0,16.5
21,FY13,12.5,15.0,18.0,16.5
21,FY14,12.5,15.0,18.0,16.5
21,FY15,12.5,15.0,18.0,16.5
21,FY16,12.5,15.0,18.0,16.5
21,FY17,12.5,15.0,18.0,16.5
21,FY18,12.5,15.0,18.0,16.5
21,FY19,12.5,15.0,18.0,16.5
21,FY20,12.5,15.0,18.0,16.5
21,FY21,12.5,15.0,18.0,16.5
21,FY22,12.5,15.0,18.0,16.5
21,FY23,12.5,15.0,18.0,16.5
21,FY24,12.5,15.0,18.0,16.5
22,FY11,12.5,15.0,18.0,16.5
22,FY12,12.5,15.0,18.0,16.5
22,FY13,12.5,15.0,18.0,16.5
22,FY14,12.5,15.0,18.0,16.5
22,FY15,12.5,15.0,18.0,16.5
22,FY16,12.5,15.0,18.0,16.5
22,FY17,12.5,15.0,18.0,16.5
22,FY18,12.5,15.0,18.0,16.5
22,FY19,12.5,15.0,18.0,16.5
22,FY20,12.5,15.0,18.0,16.5
22,FY21,12.5,15.0,18.0,16.5
22,FY22,12.5,15.0,18.0,16.5
22,FY23,12.5,15.0,18.0,16.5
22,FY24,12.5,15.0,18.0,16.5
23,FY11,12.5,15.0,18.0,16.5
23,FY12,12.5,15.0,18.0,16.5
23,FY13,12.5,15.0,18.0,16.5
23,FY14,12.5,15.0,18.0,16.5
23,FY15,12.5,15.0,18.0,16.5
23,FY16,12.5,15.0,18.0,16.5
23,FY17,12.5,15.0,18.0,16.5
23,FY18,12.5,15.0,18.0,16.5
23,FY19,12.5,15.0,18.0,16.5
23,FY20,12.5,15.0,18.0,16.5
23,FY21,12.5,15.0,18.0,16.5
23,FY22,12.5,15.0,18.0,16.5
23,FY23,12.5,15.0,18.0,16.5
23,FY24,12.5,15.0,18.0,16.5
24,FY11,12.5,15.0,18.0,16.5
24,FY12,12.5,15.0,18.0,16.5
24,FY13,12.5,15.0,18.0,16.5
24,FY14,12.5,15.0,18.0,16.5
24,FY15,12.5,15.0,18.0,16.5
24,FY16,12.5,15.0,18.0,16.5
24,FY17,12.5,15.0,18.0,16.5
24,FY18,12.5,15.0,18.0,16.5
24,FY19,12.5,15.0,18.0,16.5
24,FY20,12.5,15.0,18.0,16.5
24,FY21,12.5,15.0,18.0,16.5
24,FY22,12.5,15.0,18.0,16.5
24,FY23,12.5,15.0,18.0,16.5
24,FY24,12.5,15.0,18.0,16.5
25,FY11,12.5,15.0,18.0,16.5
25,FY12,12.5,15.0,18.0,16.5
25,FY13,12.5,15.0,18.0,16.5
25,FY14,12.5,15.0,18.0,16.5
25,FY15,12.5,15.0,18.0,16.5
25,FY16,12.5,15.0,18.0,16.5
25,FY17,12.5,15.0,18.0,16.5
25,FY18,12.5,15.0,18.0,16.5
25,FY19,12.5,15.0,18.0,16.5
25,FY20,12.5,15.0,18.0,16.5
25,FY21,12.5,15.0,18.0,16.5
25,FY22,12.5,15.0,18.0,16.5
25,FY23,12.5,15.0,18.0,16.5
25,FY24,12.5,15.0,18.0,16.5
26,FY11,12.5,15.0,18.0,16.5
26,FY12,12.5,15.0,18.0,16.5
26,FY13,12.5,15.0,18.0,16.5
26,FY14,12.5,15.0,18.0,16.5
26,FY15,12.5,15.0,18.0,16.5
26,FY16,12.5,15.0,18.0,16.5
26,FY17,12.5,15.0,18.0,16.5
26,FY18,12.5,15.0,18.0,16.5
26,FY19,12.5,15.0,18.0,16.5
26,FY20,12.5,15.0,18.0,16.5
26,FY21,12.5,15.0,18.0,16.5
26,FY22,12.5,15.0,18.0,16.5
26,FY23,12.5,15.0,18.0,16.5
26,FY24,12.5,15.0,18.0,16.5
27,FY11,12.5,15.0,18.0,16.5
27,FY12,12.5,15.0,18.0,16.5
27,FY13,12.5,15.0,18.0,16.5
27,FY14,12.5,15.0,18.0,16.5
27,FY15,12.5,15.0,18.0,16.5
27,FY16,12.5,15.0,18.0,16.5
27,FY17,12.5,15.0,18.0,16.5
27,FY18,12.5,15.0,18.0,16.5
27,FY19,12.5,15.0,18.0,16.5
27,FY20,12.5,15.0,18.0,16.5
27,FY21,12.5,15.0,18.0,16.5
27,FY22,12.5,15.0,18.0,16.5
27,FY23,12.5,15.0,18.0,16.5
27,FY24,12.5,15.0,18.0,16.5
28,FY11,12.5,15.0,18.0,16.5
28,FY12,12.5,15.0,18.0,16.5
28,FY13,12.5,15.0,18.0,16.5
28,FY14,12.5,15.0,18.0,16.5
28,FY15,12.5,15.0,18.0,16.5
28,FY16,12.5,15.0,18.0,16.5
28,FY17,12.5,15.0,18.0,16.5
28,FY18,12.5,15.0,18.0,16.5
28,FY19,12.5,15.0,18.0,16.5
28,FY20,12.5,15.0,18.0,16.5
28,FY21,12.5,15.0,18.0,16.5
28,FY22,12.5,15.0,18.0,16.5
28,FY23,12.5,15.0,18.0,16.5
28,FY24,12.5,15.0,18.0,16.5
29,FY11,12.5,15.0,18.0,16.5
29,FY12,12.5,15.0,18.0,16.5
29,FY13,12.5,15.0,18.0,16.5
29,FY14,12.5,15.0,18.0,16.5
29,FY15,12.5,15.0,18.0,16.5
29,FY16,12.5,15.0,18.0,16.5
29,FY17,12.5,15.0,18.0,16.5
29,FY18,12.5,15.0,18.0,16.5
29,FY19,12.5,15.0,18.0,16.5
29,FY20,12.5,15.0,18.0,16.5
29,FY21,12.5,15.0,18.0,16.5
29,FY22,12.5,15.0,18.0,16.5
29,FY23,12.5,15.0,18.0,16.5
29,FY24,12.5,15.0,18.0,16.5
30,FY11,12.5,15.0,18.0,16.5
30,FY12,12.5,15.0,18.0,16.5
30,FY13,12.5,15.0,18.0,16.5
30,FY14,12.5,15.0,18.0,16.5
30,FY15,12.5,15.0,18.0,16.5
30,FY16,12.5,15.0,18.0,16.5
30,FY17,12.5,15.0,18.0,16.5
30,FY18,12.5,15.0,18.0,16.5
30,FY19,12.5,15.0,18.0,16.5
30,FY20,12.5,15.0,18.0,16.5
30,FY21,12.5,15.0,18.0,16.5
30,FY22,12.5,15.0,18.0,16.5
30,FY23,12.5,15.0,18.0,16.5
30,FY24,12.5,15.0,18.0,16.5
31,FY11,12.5,15.0,18.0,16.5
31,FY12,12.5,15.0,18.0,16.5
31,FY13,12.5,15.0,18.0,16.5
31,FY14,12.5,15.0,18.0,16.5
31,FY15,12.5,15.0,18.0,16.5
31,FY16,12.5,15.0,18.0,16.5
31,FY17,12.5,15.0,18.0,16.5
31,FY18,12.5,15.0,18.0,16.5
31,FY19,12.5,15.0,18.0,16.5
31,FY20,12.5,15.0,18.0,16.5
31,FY21,12.5,15.0,18.0,16.5
31,FY22,12.5,15.0,18.0,16.5
31,FY23,12.5,15.0,18.0,16.5
31,FY24,12.5,15.0,18.0,16.5
32,FY11,12.5,15.0,18.0,16.5
32,FY12,12.5,15.0,18.0,16.5
32,FY13,12.5,15.0,18.0,16.5
32,FY14,12.5,15.0,18.0,16.5
32,FY15,12.5,15.0,18.0,16.5
32,FY16,12.5,15.0,18.0,16.5
32,FY17,12.5,15.0,18.0,16.5
32,FY18,12.5,15.0,18.0,16.5
32,FY19,12.5,15.0,18.0,16.5
32,FY20,12.5,15.0,18.0,16.5
32,FY21,12.5,15.0,18.0,16.5
32,FY22,12.5,15.0,18.0,16.5
32,FY23,12.5,15.0,18.0,16.5
32,FY24,12.5,15.0,18.0,16.5
33,FY11,12.5,15.0,18.0,16.5
33,FY12,12.5,15.0,18.0,16.5
33,FY13,12.5,15.0,18.0,16.5
33,FY14,12.5,15.0,18.0,16.5
33,FY15,12.5,15.0,18.0,16.5
33,FY16,12.5,15.0,18.0,16.5
33,FY17,12.5,15.0,18.0,16.5
33,FY18,12.5,15.0,18.0,16.5
33,FY19,12.5,15.0,18.0,16.5
33,FY20,12.5,15.0,18.0,16.5
33,FY21,12.5,15.0,18.0,16.5
33,FY22,12.5,15.0,18.0,16.5
33,FY23,12.5,15.0,18.0,16.5
33,FY24,12.5,15.0,18.0,16.5
34,FY11,12.5,15.0,18.0,16.5
34,FY12,12.5,15.0,18.0,16.5
34,FY13,12.5,15.0,18.0,16.5
34,FY14,12.5,15.0,18.0,16.5
34,FY15,12.5,15.0,18.0,16.5
34,FY16,12.5,15.0,18.0,16.5
34,FY17,12.5,15.0,18.0,16.5
34,FY18,12.5,15.0,18.0,16.5
34,FY19,12.5,15.0,18.0,16.5
34,FY20,12.5,15.0,18.0,16.5
34,FY21,12.5,15.0,18.0,16.5
34,FY22,12.5,15.0,18.0,16.5
34,FY23,12.5,15.0,18.0,16.5
34,FY24,12.5,15.0,18.0,16.5
35,FY11,12.5,15.0,18.0,16.5
35,FY12,12.5,15.0,18.0,16.5
35,FY13,12.5,15.0,18.0,16.5
35,FY14,12.5,15.0,18.0,16.5
35,FY15,12.5,15.0,18.0,16.5
35,FY16,12.5,15.0,18.0,16.5
35,FY17,12.5,15.0,18.0,16.5
35,FY18,12.5,15.0,18.0,16.5
35,FY19,12.5,15.0,18.0,16.5
35,FY20,12.5,15.0,18.0,16.5
35,FY21,12.5,15.0,18.0,16.5
35,FY22,12.5,15.0,18.0,16.5
35,FY23,12.5,15.0,18.0,16.5
35,FY24,12.5,15.0,18.0,16.5
36,FY11,12.5,15.0,18.0,16.5
36,FY12,12.5,15.0,18.0,16.5
36,FY13,12.5,15.0,18.0,16.5
36,FY14,12.5,15.0,18.0,16.5
36,FY15,12.5,15.0,18.0,16.5
36,FY16,12.5,15.0,18.0,16.5
36,FY17,12.5,15.0,18.0,16.5
36,FY18,12.5,15.0,18.0,16.5
36,FY19,12.5,15.0,18.0,16.5
36,FY20,12.5,15.0,18.0,16.5
36,FY21,12.5,15.0,18.0,16.5
36,FY22,12.5,15.0,18.0,16.5
36,FY23,12.5,15.0,18.0,16.5
36,FY24,12.5,15.0,18.0,16.5
37,FY11,12.5,15.0,18.0,16.5
37,FY12,12.5,15.0,18.0,16.5
37,FY13,12.5,15.0,18.0,16.5
37,FY14,12.5,15.0,18.0,16.5
37,FY15,12.5,15.0,18.0,16.5
37,FY16,12.5,15.0,18.0,16.5
37,FY17,12.5,15.0,18.0,16.5
37,FY18,12.5,15.0,18.0,16.5
37,FY19,12.5,15.0,18.0,16.5
37,FY20,12.5,15.0,18.0,16.5
37,FY21,12.5,15.0,18.0,16.5
37,FY22,12.5,15.0,18.0,16.5
37,FY23,12.5,15.0,18.0,16.5
37,FY24,12.5,15.0,18.0,16.5
38,FY11,12.5,15.0,18.0,16.5
38,FY12,12.5,15.0,18.0,16.5
38,FY13,12.5,15.0,18.0,16.5
38,FY14,12.5,15.0,18.0,16.5
38,FY15,12.5,15.0,18.0,16.5
38,FY16,12.5,15.0,18.0,16.5
38,FY17,12.5,15.0,18.0,16.5
38,FY18,12.5,15.0,18.0,16.5
38,FY19,12.5,15.0,18.0,16.5
38,FY20,12.5,15.0,18.0,16.5
38,FY21,12.5,15.0,18.0,16.5
38,FY22,12.5,15.0,18.0,16.5
38,FY23,12.5,15.0,18.0,16.5
38,FY24,12.5,15.0,18.0,16.5
39,FY11,12.5,15.0,18.0,16.5
39,FY12,12.5,15.0,18.0,16.5
39,FY13,12.5,15.0,18.0,16.5
39,FY14,12.5,15.0,18.0,16.5
39,FY15,12.5,15.0,18.0,16.5
39,FY16,12.5,15.0,18.0,16.5
39,FY17,12.5,15.0,18.0,16.5
39,FY18,12.5,15.0,18.0,16.5
39,FY19,12.5,15.0,18.0,16.5
39,FY20,12.5,15.0,18.0,16.5
39,FY21,12.5,15.0,18.0,16.5
39,FY22,12.5,15.0,18.0,16.5
39,FY23,12.5,15.0,18.0,16.5
39,FY24,12.5,15.0,18.0,16.5
40,FY11,12.5,15.0,18.0,16.5
40,FY12,12.5,15.0,18.0,16.5
40,FY13,12.5,15.0,18.0,16.5
40,FY14,12.5,15.0,18.0,16.5
40,FY15,12.5,15.0,18.0,16.5
40,FY16,12.5,15.0,18.0,16.5
40,FY17,12.5,15.0,18.0,16.5
40,FY18,12.5,15.0,18.0,16.5
40,FY19,12.5,15.0,18.0,16.5
40,FY20,12.5,15.0,18.0,16.5
40,FY21,12.5,15.0,18.0,16.5
40,FY22,12.5,15.0,18.0,16.5
40,FY23,12.5,15.0,18.0,16.5
40,FY24,12.5,15.0,18.0,16.5
41,FY11,12.5,15.0,18.0,16.5
41,FY12,12.5,15.0,18.0,16.5
41,FY13,12.5,15.0,18.0,16.5
41,FY14,12.5,15.0,18.0,16.5
41,FY15,12.5,15.0,18.0,16.5
41,FY16,12.5,15.0,18.0,16.5
41,FY17,12.5,15.0,18.0,16.5
41,FY18,12.5,15.0,18.0,16.5
41,FY19,12.5,15.0,18.0,16.5
41,FY20,12.5,15.0,18.0,16.5
41,FY21,12.5,15.0,18.0,16.5
41,FY22,12.5,15.0,18.0,16.5
41,FY23,12.5,15.0,18.0,16.5
41,FY24,12.5,15.0,18.0,16.5
42,FY11,12.5,15.0,18.0,16.5
42,FY12,12.5,15.0,18.0,16.5
42,FY13,12.5,15.0,18.0,16.5
42,FY14,12.5,15.0,18.0,16.5
42,FY15,12.5,15.0,18.0,16.5
42,FY16,12.5,15.0,18.0,16.5
42,FY17,12.5,15.0,18.0,16.5
42,FY18,12.5,15.0,18.0,16.5
42,FY19,12.5,15.0,18.0,16.5
42,FY20,12.5,15.0,18.0,16.5
42,FY21,12.5,15.0,18.0,16.5
42,FY22,12.5,15.0,18.0,16.5
42,FY23,12.5,15.0,18.0,16.5
42,FY24,12.5,15.0,18.0,16.5
43,FY11,12.5,15.0,18.0,16.5
43,FY12,12.5,15.0,18.0,16.5
43,FY13,12.5,15.0,18.0,16.5
43,FY14,12.5,15.0,18.0,16.5
43,FY15,12.5,15.0,18.0,16.5
43,FY16,12.5,15.0,18.0,16.5
43,FY17,12.5,15.0,18.0,16.5
43,FY18,12.5,15.0,18.0,16.5
43,FY19,12.5,15.0,18.0,16.5
43,FY20,12.5,15.0,18.0,16.5
43,FY21,12.5,15.0,18.0,16.5
43,FY22,12.5,15.0,18.0,16.5
43,FY23,12.5,15.0,18.0,16.5
43,FY24,12.5,15.0,18.0,16.5
44,FY11,12.5,15.0,18.0,16.5
44,FY12,12.5,15.0,18.0,16.5
44,FY13,12.5,15.0,18.0,16.5
44,FY14,12.5,15.0,18.0,16.5
44,FY15,12.5,15.0,18.0,16.5
44,FY16,12.5,15.0,18.0,16.5
44,FY17,12.5,15.0,18.0,16.5
44,FY18,12.5,15.0,18.0,16.5
44,FY19,12.5,15.0,18.0,16.5
44,FY20,12.5,15.0,18.0,16.5
44,FY21,12.5,15.0,18.0,16.5
44,FY22,12.5,15.0,18.0,16.5
44,FY23,12.5,15.0,18.0,16.5
44,FY24,12.5,15.0,18.0,16.5
45,FY11,12.5,15.0,18.0,16.5
45,FY12,12.5,15.0,18.0,16.5
45,FY13,12.5,15.0,18.0,16.5
45,FY14,12.5,15.0,18.0,16.5
45,FY15,12.5,15.0,18.0,16.5
45,FY16,12.5,15.0,18.0,16.5
45,FY17,12.5,15.0,18.0,16.5
45,FY18,12.5,15.0,18.0,16.5
45,FY19,12.5,15.0,18.0,16.5
45,FY20,12.5,15.0,18.0,16.5
45,FY21,12.5,15.0,18.0,16.5
45,FY22,12.5,15.0,18.0,16.5
45,FY23,12.5,15.0,18.0,16.5
45,FY24,12.5,15.0,18.0,16.5
46,FY11,12.5,15.0,18.0,16.5
46,FY12,12.5,15.0,18.0,16.5
46,FY13,12.5,15.0,18.0,16.5
46,FY14,12.5,15.0,18.0,16.5
46,FY15,12.5,15.0,18.0,16.5
46,FY16,12.5,15.0,18.0,16.5
46,FY17,12.5,15.0,18.0,16.5
46,FY18,12.5,15.0,18.0,16.5
46,FY19,12.5,15.0,18.0,16.5
46,FY20,12.5,15.0,18.0,16.5
46,FY21,12.5,15.0,18.0,16.5
46,FY22,12.5,15.0,18.0,16.5
46,FY23,12.5,15.0,18.0,16.5
46,FY24,12.5,15.0,18.0,16.5
47,FY11,12.5,15.0,18.0,16.5
47,FY12,12.5,15.0,18.0,16.5
47,FY13,12.5,15.0,18.0,16.5
47,FY14,12.5,15.0,18.0,16.5
47,FY15,12.5,15.0,18.0,16.5
47,FY16,12.5,15.0,18.0,16.5
47,FY17,12.5,15.0,18.0,16.5
47,FY18,12.5,15.0,18.0,16.5
47,FY19,12.5,15.0,18.0,16.5
47,FY20,12.5,15.0,18.0,16.5
47,FY21,12.5,15.0,18.0,16.5
47,FY22,12.5,15.0,18.0,16.5
47,FY23,12.5,15.0,18.0,16.5
47,FY24,12.5,15.0,18.0,16.5
48,FY11,12.5,15.0,18.0,16.5
48,FY12,12.5,15.0,18.0,16.5
48,FY13,12.5,15.0,18.0,16.5
48,FY14,12.5,15.0,18.0,16.5
48,FY15,12.5,15.0,18.0,16.5
48,FY16,12.5,15.0,18.0,16.5
48,FY17,12.5,15.0,18.0,16.5
48,FY18,12.5,15.0,18.0,16.5
48,FY19,12.5,15.0,18.0,16.5
48,FY20,12.5,15.0,18.0,16.5
48,FY21,12.5,15.0,18.0,16.5
48,FY22,12.5,15.0,18.0,16.5
48,FY23,12.5,15.0,18.0,16.5
48,FY24,12.5,15.0,18.0,16.5
49,FY11,12.5,15.0,18.0,16.5
49,FY12,12.5,15.0,18.0,16.5
49,FY13,12.5,15.0,18.0,16.5
49,FY14,12.5,15.0,18.0,16.5
49,FY15,12.5,15.0,18.0,16.5
49,FY16,12.5,15.0,18.0,16.5
49,FY17,12.5,15.0,18.0,16.5
49,FY18,12.5,15.0,18.0,16.5
49,FY19,12.5,15.0,18.0,16.5
49,FY20,12.5,15.0,18.0,16.5
49,FY21,12.5,15.0,18.0,16.5
49,FY22,12.5,15.0,18.0,16.5
49,FY23,12.5,15.0,18.0,16.5
49,FY24,12.5,15.0,18.0,16.5
50,FY11,12.5,15.0,18.0,16.5
50,FY12,12.5,15.0,18.0,16.5
50,FY13,12.5,15.0,18.0,16.5
50,FY14,12.5,15.0,18.0,16.5
50,FY15,12.5,15.0,18.0,16.5
50,FY16,12.5,15.0,18.0,16.5
50,FY17,12.5,15.0,18.0,16.5
50,FY18,12.5,15.0,18.0,16.5
50,FY19,12.5,15.0,18.0,16.5
50,FY20,12.5,15.0,18.0,16.5
50,FY21,12.5,15.0,18.0,16.5
50,FY22,12.5,15.0,18.0,16.5
50,FY23,12.5,15.0,18.0,16.5
50,FY24,12.5,15.0,18.0,16.5
51,FY11,12.5,15.0,18.0,16.5
51,FY12,12.5,15.0,18.0,16.5
51,FY13,12.5,15.0,18.0,16.5
51,FY14,12.5,15.0,18.0,16.5
51,FY15,12.5,15.0,18.0,16.5
51,FY16,12.5,15.0,18.0,16.5
51,FY17,12.5,15.0,18.0,16.5
51,FY18,12.5,15.0,18.0,16.5
51,FY19,12.5,15.0,18.0,16.5
51,FY20,12.5,15.0,18.0,16.5
51,FY21,12.5,15.0,18.0,16.5
51,FY22,12.5,15.0,18.0,16.5
51,FY23,12.5,15.0,18.0,16.5
51,FY24,12.5,15.0,18.0,16.5
52,FY11,12.5,15.0,18.0,16.5
52,FY12,12.5,15.0,18.0,16.5
52,FY13,12.5,15.0,18.0,16.5
52,FY14,12.5,15.0,18.0,16.5
52,FY15,12.5,15.0,18.0,16.5
52,FY16,12.5,15.0,18.0,16.5
52,FY17,12.5,15.0,18.0,16.5
52,FY18,12.5,15.0,18.0,16.5
52,FY19,12.5,15.0,18.0,16.5
52,FY20,12.5,15.0,18.0,16.5
52,FY21,12.5,15.0,18.0,16.5
52,FY22,12.5,15.0,18.0,16.5
52,FY23,12.5,15.0,18.0,16.5
52,FY24,12.5,15.0,18.0,16.5
53,FY11,12.5,15.0,18.0,16.5
53,FY12,12.5,15.0,18.0,16.5
53,FY13,12.5,15.0,18.0,16.5
53,FY14,12.5,15.0,18.0,16.5
53,FY15,12.5,15.0,18.0,16.5
53,FY16,12.5,15.0,18.0,16.5
53,FY17,12.5,15.0,18.0,16.5
53,FY18,12.5,15.0,18.0,16.5
53,FY19,12.5,15.0,18.0,16.5
53,FY20,12.5,15.0,18.0,16.5
53,FY21,12.5,15.0,18.0,16.5
53,FY22,12.5,15.0,18.0,16.5
53,FY23,12.5,15.0,18.0,16.5
53,FY24,12.5,15.0,18.0,16.5
54,FY11,12.5,15.0,18.0,16.5
54,FY12,12.5,15.0,18.0,16.5
54,FY13,12.5,15.0,18.0,16.5
54,FY14,12.5,15.0,18.0,16.5
54,FY15,12.5,15.0,18.0,16.5
54,FY16,12.5,15.0,18.0,16.5
54,FY17,12.5,15.0,18.0,16.5
54,FY18,12.5,15.0,18.0,16.5
54,FY19,12.5,15.0,18.0,16.5
54,FY20,12.5,15.0,18.0,16.5
54,FY21,12.5,15.0,18.0,16.5
54,FY22,12.5,15.0,18.0,16.5
54,FY23,12.5,15.0,18.0,16.5
54,FY24,12.5,15.0,18.0,16.5
55,FY11,12.5,15.0,18.0,16.5
55,FY12,12.5,15.0,18.0,16.5
55,FY13,12.5,15.0,18.0,16.5
55,FY14,12.5,15.0,18.0,16.5
55,FY15,12.5,15.0,18.0,16.5
55,FY16,12.5,15.0,18.0,16.5
55,FY17,12.5,15.0,18.0,16.5
55,FY18,12.5,15.0,18.0,16.5
55,FY19,12.5,15.0,18.0,16.5
55,FY20,12.5,15.0,18.0,16.5
55,FY21,12.5,15.0,18.0,16.5
55,FY22,12.5,15.0,18.0,16.5
55,FY23,12.5,15.0,18.0,16.5
55,FY24,12.5,15.0,18.0,16.5
56,FY11,12.5,15.0,18.0,16.5
56,FY12,12.5,15.0,18.0,16.5
56,FY13,12.5,15.0,18.0,16.5
56,FY14,12.5,15.0,18.0,16.5
56,FY15,12.5,15.0,18.0,16.5
56,FY16,12.5,15.0,18.0,16.5
56,FY17,12.5,15.0,18.0,16.5
56,FY18,12.5,15.0,18.0,16.5
56,FY19,12.5,15.0,18.0,16.5
56,FY20,12.5,15.0,18.0,16.5
56,FY21,12.5,15.0,18.0,16.5
56,FY22,12.5,15.0,18.0,16.5
56,FY23,12.5,15.0,18.0,16.5
56,FY24,12.5,15.0,18.0,16.5
57,FY11,12.5,15.0,18.0,16.5
57,FY12,12.5,15.0,18.0,16.5
57,FY13,12.5,15.0,18.0,16.5
57,FY14,12.5,15.0,18.0,16.5
57,FY15,12.5,15.0,18.0,16.5
57,FY16,12.5,15.0,18.0,16.5
57,FY17,12.5,15.0,18.0,16.5
57,FY18,12.5,15.0,18.0,16.5
57,FY19,12.5,15.0,18.0,16.5
57,FY20,12.5,15.0,18.0,16.5
57,FY21,12.5,15.0,18.0,16.5
57,FY22,12.5,15.0,18.0,16.5
57,FY23,12.5,15.0,18.0,16.5
57,FY24,12.5,15.0,18.0,16.5
58,FY11,12.5,15.0,18.0,16.5
58,FY12,12.5,15.0,18.0,16.5
58,FY13,12.5,15.0,18.0,16.5
58,FY14,12.5,15.0,18.0,16.5
58,FY15,12.5,15.0,18.0,16.5
58,FY16,12.5,15.0,18.0,16.5
58,FY17,12.5,15.0,18.0,16.5
58,FY18,12.5,15.0,18.0,16.5
58,FY19,12.5,15.0,18.0,16.5
58,FY20,12.5,15.0,18.0,16.5
58,FY21,12.5,15.0,18.0,16.5
58,FY22,12.5,15.0,18.0,16.5
58,FY23,12.5,15.0,18.0,16.5
58,FY24,12.5,15.0,18.0,16.5
59,FY11,12.5,15.0,18.0,16.5
59,FY12,12.5,15.0,18.0,16.5
59,FY13,12.5,15.0,18.0,16.5
59,FY14,12.5,15.0,18.0,16.5
59,FY15,12.5,15.0,18.0,16.5
59,FY16,12.5,15.0,18.0,16.5
59,FY17,12.5,15.0,18.0,16.5
59,FY18,12.5,15.0,18.0,16.5
59,FY19,12.5,15.0,18.0,16.5
59,FY20,12.5,15.0,18.0,16.5
59,FY21,12.5,15.0,18.0,16.5
59,FY22,12.5,15.0,18.0,16.5
59,FY23,12.5,15.0,18.0,16.5
59,FY24,12.5,15.0,18.0,16.5
60,FY11,12.5,15.0,18.0,16.5
60,FY12,12.5,15.0,18.0,16.5
60,FY13,12.5,15.0,18.0,16.5
60,FY14,12.5,15.0,18.0,16.5
60,FY15,12.5,15.0,18.0,16.5
60,FY16,12.5,15.0,18.0,16.5
60,FY17,12.5,15.0,18.0,16.5
60,FY18,12.5,15.0,18.0,16.5
60,FY19,12.5,15.0,18.0,16.5
60,FY20,12.5,15.0,18.0,16.5
60,FY21,12.5,15.0,18.0,16.5
60,FY22,12.5,15.0,18.0,16.5
60,FY23,12.5,15.0,18.0,16.5
60,FY24,12.5,15.0,18.0,16.5
61,FY11,12.5,15.0,18.0,16.5
61,FY12,12.5,15.0,18.0,16.5
61,FY13,12.5,15.0,18.0,16.5
61,FY14,12.5,15.0,18.0,16.5
61,FY15,12.5,15.0,18.0,16.5
61,FY16,12.5,15.0,18.0,16.5
61,FY17,12.5,15.0,18.0,16.5
61,FY18,12.5,15.0,18.0,16.5
61,FY19,12.5,15.0,18.0,16.5
61,FY20,12.5,15.0,18.0,16.5
61,FY21,12.5,15.0,18.0,16.5
61,FY22,12.5,15.0,18.0,16.5
61,FY23,12.5,15.0,18.0,16.5
61,FY24,12.5,15.0,18.0,16.5
62,FY11,12.5,15.0,18.0,16.5
62,FY12,12.5,15.0,18.0,16.5
62,FY13,12.5,15.0,18.0,16.5
62,FY14,12.5,15.0,18.0,16.5
62,FY15,12.5,15.0,18.0,16.5
62,FY16,12.5,15.0,18.0,16.5
62,FY17,12.5,15.0,18.0,16.5
62,FY18,12.5,15.0,18.0,16.5
62,FY19,12.5,15.0,18.0,16.5
62,FY20,12.5,15.0,18.0,16.5
62,FY21,12.5,15.0,18.0,16.5
62,FY22,12.5,15.0,18.0,16.5
62,FY23,12.5,15.0,18.0,16.5
62,FY24,12.5,15.0,18.0,16.5
63,FY11,12.5,15.0,18.0,16.5
63,FY12,12.5,15.0,18.0,16.5
63,FY13,12.5,15.0,18.0,16.5
63,FY14,12.5,15.0,18.0,16.5
63,FY15,12.5,15.0,18.0,16.5
63,FY16,12.5,15.0,18.0,16.5
63,FY17,12.5,15.0,18.0,16.5
63,FY18,12.5,15.0,18.0,16.5
63,FY19,12.5,15.0,18.0,16.5
63,FY20,12.5,15.0,18.0,16.5
63,FY21,12.5,15.0,18.0,16.5
63,FY22,12.5,15.0,18.0,16.5
63,FY23,12.5,15.0,18.0,16.5
63,FY24,12.5,15.0,18.0,16.5
64,FY11,12.5,15.0,18.0,16.5
64,FY12,12.5,15.0,18.0,16.5
64,FY13,12.5,15.0,18.0,16.5
64,FY14,12.5,15.0,18.0,16.5
64,FY15,12.5,15.0,18.0,16.5
64,FY16,12.5,15.0,18.0,16.5
64,FY17,12.5,15.0,18.0,16.5
64,FY18,12.5,15.0,18.0,16.5
64,FY19,12.5,15.0,18.0,16.5
64,FY20,12.5,15.0,18.0,16.5
64,FY21,12.5,15.0,18.0,16.5
64,FY22,12.5,15.0,18.0,16.5
64,FY23,12.5,15.0,18.0,16.5
64,FY24,12.5,15.0,18.0,16.5
65,FY11,12.5,15.0,18.0,16.5
65,FY12,12.5,15.0,18.0,16.5
65,FY13,12.5,15.0,18.0,16.5
65,FY14,12.5,15.0,18.0,16.5
65,FY15,12.5,15.0,18.0,16.5
65,FY16,12.5,15.0,18.0,16.5
65,FY17,12.5,15.0,18.0,16.5
65,FY18,12.5,15.0,18.0,16.5
65,FY19,12.5,15.0,18.0,16.5
65,FY20,12.5,15.0,18.0,16.5
65,FY21,12.5,15.0,18.0,16.5
65,FY22,12.5,15.0,18.0,16.5
65,FY23,12.5,15.0,18.0,16.5
65,FY24,12.5,15.0,18.0,16.5
66,FY11,12.5,15.0,18.0,16.5
66,FY12,12.5,15.0,18.0,16.5
66,FY13,12.5,15.0,18.0,16.5
66,FY14,12.5,15.0,18.0,16.5
66,FY15,12.5,15.0,18.0,16.5
66,FY16,12.5,15.0,18.0,16.5
66,FY17,12.5,15.0,18.0,16.5
66,FY18,12.5,15.0,18.0,16.5
66,FY19,12.5,15.0,18.0,16.5
66,FY20,12.5,15.0,18.0,16.5
66,FY21,12.5,15.0,18.0,16.5
66,FY22,12.5,15.0,18.0,16.5
66,FY23,12.5,15.0,18.0,16.5
66,FY24,12.5,15.0,18.0,16.5
67,FY11,12.5,15.0,18.0,16.5
67,FY12,12.5,15.0,18.0,16.5
67,FY13,12.5,15.0,18.0,16.5
67,FY14,12.5,15.0,18.0,16.5
67,FY15,12.5,15.0,18.0,16.5
67,FY16,12.5,15.0,18.0,16.5
67,FY17,12.5,15.0,18.0,16.5
67,FY18,12.5,15.0,18.0,16.5
67,FY19,12.5,15.0,18.0,16.5
67,FY20,12.5,15.0,18.0,16.5
67,FY21,12.5,15.0,18.0,16.5
67,FY22,12.5,15.0,18.0,16.5
67,FY23,12.5,15.0,18.0,16.5
67,FY24,12.5,15.0,18.0,16.5
68,FY11,12.5,15.0,18.0,16.5
68,FY12,12.5,15.0,18.0,16.5
68,FY13,12.5,15.0,18.0,16.5
68,FY14,12.5,15.0,18.0,16.5
68,FY15,12.5,15.0,18.0,16.5
68,FY16,12.5,15.0,18.0,16.5
68,FY17,12.5,15.0,18.0,16.5
68,FY18,12.5,15.0,18.0,16.5
68,FY19,12.5,15.0,18.0,16.5
68,FY20,12.5,15.0,18.0,16.5
68,FY21,12.5,15.0,18.0,16.5
68,FY22,12.5,15.0,18.0,16.5
68,FY23,12.5,15.0,18.0,16.5
68,FY24,12.5,15.0,18.0,16.5
69,FY11,12.5,15.0,18.0,16.5
69,FY12,12.5,15.0,18.0,16.5
69,FY13,12.5,15.0,18.0,16.5
69,FY14,12.5,15.0,18.0,16.5
69,FY15,12.5,15.0,18.0,16.5
69,FY16,12.5,15.0,18.0,16.5
69,FY17,12.5,15.0,18.0,16.5
69,FY18,12.5,15.0,18.0,16.5
69,FY19,12.5,15.0,18.0,16.5
69,FY20,12.5,15.0,18.0,16.5
69,FY21,12.5,15.0,18.0,16.5
69,FY22,12.5,15.0,18.0,16.5
69,FY23,12.5,15.0,18.0,16.5
69,FY24,12.5,15.0,18.0,16.5
70,FY11,12.5,15.0,18.0,16.5
70,FY12,12.5,15.0,18.0,16.5
70,FY13,12.5,15.0,18.0,16.5
70,FY14,12.5,15.0,18.0,16.5
70,FY15,12.5,15.0,18.0,16.5
70,FY16,12.5,15.0,18.0,16.5
70,FY17,12.5,15.0,18.0,16.5
70,FY18,12.5,15.0,18.0,16.5
70,FY19,12.5,15.0,18.0,16.5
70,FY20,12.5,15.0,18.0,16.5
70,FY21,12.5,15.0,18.0,16.5
70,FY22,12.5,15.0,18.0,16.5
70,FY23,12.5,15.0,18.0,16.5
70,FY24,12.5,15.0,18.0,16.5
71,FY11,12.5,15.0,18.0,16.5
71,FY12,12.5,15.0,18.0,16.5
71,FY13,12.5,15.0,18.0,16.5
71,FY14,12.5,15.0,18.0,16.5
71,FY15,12.5,15.0,18.0,16.5
71,FY16,12.5,15.0,18.0,16.5
71,FY17,12.5,15.0,18.0,16.5
71,FY18,12.5,15.0,18.0,16.5
71,FY19,12.5,15.0,18.0,16.5
71,FY20,12.5,15.0,18.0,16.5
71,FY21,12.5,15.0,18.0,16.5
71,FY22,12.5,15.0,18.0,16.5
71,FY23,12.5,15.0,18.0,16.5
71,FY24,12.5,15.0,18.0,16.5
72,FY11,12.5,15.0,18.0,16.5
72,FY12,12.5,15.0,18.0,16.5
72,FY13,12.5,15.0,18.0,16.5
72,FY14,12.5,15.0,18.0,16.5
72,FY15,12.5,15.0,18.0,16.5
72,FY16,12.5,15.0,18.0,16.5
72,FY17,12.5,15.0,18.0,16.5
72,FY18,12.5,15.0,18.0,16.5
72,FY19,12.5,15.0,18.0,16.5
72,FY20,12.5,15.0,18.0,16.5
72,FY21,12.5,15.0,18.0,16.5
72,FY22,12.5,15.0,18.0,16.5
72,FY23,12.5,15.0,18.0,16.5
72,FY24,12.5,15.0,18.0,16.5
73,FY11,12.5,15.0,18.0,16.5
73,FY12,12.5,15.0,18.0,16.5
73,FY13,12.5,15.0,18.0,16.5
73,FY14,12.5,15.0,18.0,16.5
73,FY15,12.5,15.0,18.0,16.5
73,FY16,12.5,15.0,18.0,16.5
73,FY17,12.5,15.0,18.0,16.5
73,FY18,12.5,15.0,18.0,16.5
73,FY19,12.5,15.0,18.0,16.5
73,FY20,12.5,15.0,18.0,16.5
73,FY21,12.5,15.0,18.0,16.5
73,FY22,12.5,15.0,18.0,16.5
73,FY23,12.5,15.0,18.0,16.5
73,FY24,12.5,15.0,18.0,16.5
74,FY11,12.5,15.0,18.0,16.5
74,FY12,12.5,15.0,18.0,16.5
74,FY13,12.5,15.0,18.0,16.5
74,FY14,12.5,15.0,18.0,16.5
74,FY15,12.5,15.0,18.0,16.5
74,FY16,12.5,15.0,18.0,16.5
74,FY17,12.5,15.0,18.0,16.5
74,FY18,12.5,15.0,18.0,16.5
74,FY19,12.5,15.0,18.0,16.5
74,FY20,12.5,15.0,18.0,16.5
74,FY21,12.5,15.0,18.0,16.5
74,FY22,12.5,15.0,18.0,16.5
74,FY23,12.5,15.0,18.0,16.5
74,FY24,12.5,15.0,18.0,16.5
75,FY11,12.5,15.0,18.0,16.5
75,FY12,12.5,15.0,18.0,16.5
75,FY13,12.5,15.0,18.0,16.5
75,FY14,12.5,15.0,18.0,16.5
75,FY15,12.5,15.0,18.0,16.5
75,FY16,12.5,15.0,18.0,16.5
75,FY17,12.5,15.0,18.0,16.5
75,FY18,12.5,15.0,18.0,16.5
75,FY19,12.5,15.0,18.0,16.5
75,FY20,12.5,15.0,18.0,16.5
75,FY21,12.5,15.0,18.0,16.5
75,FY22,12.5,15.0,18.0,16.5
75,FY23,12.5,15.0,18.0,16.5
75,FY24,12.5,15.0,18.0,16.5
76,FY11,12.5,15.0,18.0,16.5
76,FY12,12.5,15.0,18.0,16.5
76,FY13,12.5,15.0,18.0,16.5
76,FY14,12.5,15.0,18.0,16.5
76,FY15,12.5,15.0,18.0,16.5
76,FY16,12.5,15.0,18.0,16.5
76,FY17,12.5,15.0,18.0,16.5
76,FY18,12.5,15.0,18.0,16.5
76,FY19,12.5,15.0,18.0,16.5
76,FY20,12.5,15.0,18.0,16.5
76,FY21,12.5,15.0,18.0,16.5
76,FY22,12.5,15.0,18.0,16.5
76,FY23,12.5,15.0,18.0,16.5
76,FY24,12.5,15.0,18.0,16.5
77,FY11,12.5,15.0,18.0,16.5
77,FY12,12.5,15.0,18.0,16.5
77,FY13,12.5,15.0,18.0,16.5
77,FY14,12.5,15.0,18.0,16.5
77,FY15,12.5,15.0,18.0,16.5
77,FY16,12.5,15.0,18.0,16.5
77,FY17,12.5,15.0,18.0,16.5
77,FY18,12.5,15.0,18.0,16.5
77,FY19,12.5,15.0,18.0,16.5
77,FY20,12.5,15.0,18.0,16.5
77,FY21,12.5,15.0,18.0,16.5
77,FY22,12.5,15.0,18.0,16.5
77,FY23,12.5,15.0,18.0,16.5
77,FY24,12.5,15.0,18.0,16.5
78,FY11,12.5,15.0,18.0,16.5
78,FY12,12.5,15.0,18.0,16.5
78,FY13,12.5,15.0,18.0,16.5
78,FY14,12.5,15.0,18.0,16.5
78,FY15,12.5,15.0,18.0,16.5
78,FY16,12.5,15.0,18.0,16.5
78,FY17,12.5,15.0,18.0,16.5
78,FY18,12.5,15.0,18.0,16.5
78,FY19,12.5,15.0,18.0,16.5
78,FY20,12.5,15.0,18.0,16.5
78,FY21,12.5,15.0,18.0,16.5
78,FY22,12.5,15.0,18.0,16.5
78,FY23,12.5,15.0,18.0,16.5
78,FY24,12.5,15.0,18.0,16.5
79,FY11,12.5,15.0,18.0,16.5
79,FY12,12.5,15.0,18.0,16.5
79,FY13,12.5,15.0,18.0,16.5
79,FY14,12.5,15.0,18.0,16.5
79,FY15,12.5,15.0,18.0,16.5
79,FY16,12.5,15.0,18.0,16.5
79,FY17,12.5,15.0,18.0,16.5
79,FY18,12.5,15.0,18.0,16.5
79,FY19,12.5,15.0,18.0,16.5
79,FY20,12.5,15.0,18.0,16.5
79,FY21,12.5,15.0,18.0,16.5
79,FY22,12.5,15.0,18.0,16.5
79,FY23,12.5,15.0,18.0,16.5
79,FY24,12.5,15.0,18.0,16.5
80,FY11,12.5,15.0,18.0,16.5
80,FY12,12.5,15.0,18.0,16.5
80,FY13,12.5,15.0,18.0,16.5
80,FY14,12.5,15.0,18.0,16.5
80,FY15,12.5,15.0,18.0,16.5
80,FY16,12.5,15.0,18.0,16.5
80,FY17,12.5,15.0,18.0,16.5
80,FY18,12.5,15.0,18.0,16.5
80,FY19,12.5,15.0,18.0,16.5
80,FY20,12.5,15.0,18.0,16.5
80,FY21,12.5,15.0,18.0,16.5
80,FY22,12.5,15.0,18.0,16.5
80,FY23,12.5,15.0,18.0,16.5
80,FY24,12.5,15.0,18.0,16.5
81,FY12,12.5,15.0,18.0,16.5
81,FY13,12.5,15.0,18.0,16.5
81,FY14,12.5,15.0,18.0,16.5
81,FY15,12.5,15.0,18.0,16.5
81,FY16,12.5,15.0,18.0,16.5
81,FY17,12.5,15.0,18.0,16.5
81,FY18,12.5,15.0,18.0,16.5
81,FY19,12.5,15.0,18.0,16.5
81,FY20,12.5,15.0,18.0,16.5
81,FY21,12.5,15.0,18.0,16.5
81,FY22,12.5,15.0,18.0,16.5
81,FY23,12.5,15.0,18.0,16.5
81,FY24,12.5,15.0,18.0,16.5
82,FY12,12.5,15.0,18.0,16.5
82,FY13,12.5,15.0,18.0,16.5
82,FY14,12.5,15.0,18.0,16.5
82,FY15,12.5,15.0,18.0,16.5
82,FY16,12.5,15.0,18.0,16.5
82,FY17,12.5,15.0,18.0,16.5
82,FY18,12.5,15.0,18.0,16.5
82,FY19,12.5,15.0,18.0,16.5
82,FY20,12.5,15.0,18.0,16.5
82,FY21,12.5,15.0,18.0,16.5
82,FY22,12.5,15.0,18.0,16.5
82,FY23,12.5,15.0,18.0,16.5
82,FY24,12.5,15.0,18.0,16.5
83,FY12,12.5,15.0,18.0,16.5
83,FY13,12.5,15.0,18.0,16.5
83,FY14,12.5,15.0,18.0,16.5
83,FY15,12.5,15.0,18.0,16.5
83,FY16,12.5,15.0,18.0,16.5
83,FY17,12.5,15.0,18.0,16.5
83,FY18,12.5,15.0,18.0,16.5
83,FY19,12.5,15.0,18.0,16.5
83,FY20,12.5,15.0,18.0,16.5
83,FY21,12.5,15.0,18.0,16.5
83,FY22,12.5,15.0,18.0,16.5
83,FY23,12.5,15.0,18.0,16.5
83,FY24,12.5,15.0,18.0,16.5
84,FY12,12.5,15.0,18.0,16.5
84,FY13,12.5,15.0,18.0,16.5
84,FY14,12.5,15.0,18.0,16.5
84,FY15,12.5,15.0,18.0,16.5
84,FY16,12.5,15.0,18.0,16.5
84,FY17,12.5,15.0,18.0,16.5
84,FY18,12.5,15.0,18.0,16.5
84,FY19,12.5,15.0,18.0,16.5
84,FY20,12.5,15.0,18.0,16.5
84,FY21,12.5,15.0,18.0,16.5
84,FY22,12.5,15.0,18.0,16.5
84,FY23,12.5,15.0,18.0,16.5
84,FY24,12.5,15.0,18.0,16.5
85,FY12,12.5,15.0,18.0,16.5
85,FY13,12.5,15.0,18.0,16.5
85,FY14,12.5,15.0,18.0,16.5
85,FY15,12.5,15.0,18.0,16.5
85,FY16,12.5,15.0,18.0,16.5
85,FY17,12.5,15.0,18.0,16.5
85,FY18,12.5,15.0,18.0,16.5
85,FY19,12.5,15.0,18.0,16.5
85,FY20,12.5,15.0,18.0,16.5
85,FY21,12.5,15.0,18.0,16.5
85,FY22,12.5,15.0,18.0,16.5
85,FY23,12.5,15.0,18.0,16.5
85,FY24,12.5,15.0,18.0,16.5
86,FY12,12.5,15.0,18.0,16.5
86,FY13,12.5,15.0,18.0,16.5
86,FY14,12.5,15.0,18.0,16.5
86,FY15,12.5,15.0,18.0,16.5
86,FY16,12.5,15.0,18.0,16.5
86,FY17,12.5,15.0,18.0,16.5
86,FY18,12.5,15.0,18.0,16.5
86,FY19,12.5,15.0,18.0,16.5
86,FY20,12.5,15.0,18.0,16.5
86,FY21,12.5,15.0,18.0,16.5
86,FY22,12.5,15.0,18.0,16.5
86,FY23,12.5,15.0,18.0,16.5
86,FY24,12.5,15.0,18.0,16.5
87,FY12,12.5,15.0,18.0,16.5
87,FY13,12.5,15.0,18.0,16.5
87,FY14,12.5,15.0,18.0,16.5
87,FY15,12.5,15.0,18.0,16.5
87,FY16,12.5,15.0,18.0,16.5
87,FY17,12.5,15.0,18.0,16.5
87,FY18,12.5,15.0,18.0,16.5
87,FY19,12.5,15.0,18.0,16.5
87,FY20,12.5,15.0,18.0,16.5
87,FY21,12.5,15.0,18.0,16.5
87,FY22,12.5,15.0,18.0,16.5
87,FY23,12.5,15.0,18.0,16.5
87,FY24,12.5,15.0,18.0,16.5
88,FY12,12.5,15.0,18.0,16.5
88,FY13,12.5,15.0,18.0,16.5
88,FY14,12.5,15.0,18.0,16.5
88,FY15,12.5,15.0,18.0,16.5
88,FY16,12.5,15.0,18.0,16.5
88,FY17,12.5,15.0,18.0,16.5
88,FY18,12.5,15.0,18.0,16.5
88,FY19,12.5,15.0,18.0,16.5
88,FY20,12.5,15.0,18.0,16.5
88,FY21,12.5,15.0,18.0,16.5
88,FY22,12.5,15.0,18.0,16.5
88,FY23,12.5,15.0,18.0,16.5
88,FY24,12.5,15.0,18.0,16.5
89,FY12,12.5,15.0,18.0,16.5
89,FY13,12.5,15.0,18.0,16.5
89,FY14,12.5,15.0,18.0,16.5
89,FY15,12.5,15.0,18.0,16.5
89,FY16,12.5,15.0,18.0,16.5
89,FY17,12.5,15.0,18.0,16.5
89,FY18,12.5,15.0,18.0,16.5
89,FY19,12.5,15.0,18.0,16.5
89,FY20,12.5,15.0,18.0,16.5
89,FY21,12.5,15.0,18.0,16.5
89,FY22,12.5,15.0,18.0,16.5
89,FY23,12.5,15.0,18.0,16.5
89,FY24,12.5,15.0,18.0,16.5
90,FY12,12.5,15.0,18.0,16.5
90,FY13,12.5,15.0,18.0,16.5
90,FY14,12.5,15.0,18.0,16.5
90,FY15,12.5,15.0,18.0,16.5
90,FY16,12.5,15.0,18.0,16.5
90,FY17,12.5,15.0,18.0,16.5
90,FY18,12.5,15.0,18.0,16.5
90,FY19,12.5,15.0,18.0,16.5
90,FY20,12.5,15.0,18.0,16.5
90,FY21,12.5,15.0,18.0,16.5
90,FY22,12.5,15.0,18.0,16.5
90,FY23,12.5,15.0,18.0,16.5
90,FY24,12.5,15.0,18.0,16.5
91,FY12,12.5,15.0,18.0,16.5
91,FY13,12.5,15.0,18.0,16.5
91,FY14,12.5,15.0,18.0,16.5
91,FY15,12.5,15.0,18.0,16.5
91,FY16,12.5,15.0,18.0,16.5
91,FY17,12.5,15.0,18.0,16.5
91,FY18,12.5,15.0,18.0,16.5
91,FY19,12.5,15.0,18.0,16.5
91,FY20,12.5,15.0,18.0,16.5
91,FY21,12.5,15.0,18.0,16.5
91,FY22,12.5,15.0,18.0,16.5
91,FY23,12.5,15.0,18.0,16.5
91,FY24,12.5,15.0,18.0,16.5
92,FY12,12.5,15.0,18.0,16.5
92,FY13,12.5,15.0,18.0,16.5
92,FY14,12.5,15.0,18.0,16.5
92,FY15,12.5,15.0,18.0,16.5
92,FY16,12.5,15.0,18.0,16.5
92,FY17,12.5,15.0,18.0,16.5
92,FY18,12.5,15.0,18.0,16.5
92,FY19,12.5,15.0,18.0,16.5
92,FY20,12.5,15.0,18.0,16.5
92,FY21,12.5,15.0,18.0,16.5
92,FY22,12.5,15.0,18.0,16.5
92,FY23,12.5,15.0,18.0,16.5
92,FY24,12.5,15.0,18.0,16.5
