company_id,year,cfo,cfi,cff,net_cash_flow
1,2011-12,2575.46,-1545.28,-772.64,257.54
1,2012-13,3604.93,-2162.96,-1081.48,360.49
1,2013-14,1426.37,-855.82,-427.91,142.64
1,2014-15,3631.38,-2178.83,-1089.41,363.14
1,2015-16,4997.65,-2998.59,-1499.29,499.77
1,2016-17,1192.85,-715.71,-357.85,119.29
1,2017-18,4908.7,-2945.22,-1472.61,490.87
1,2018-19,2627.63,-1576.58,-788.29,262.76
1,2019-20,4483.01,-2689.81,-1344.9,448.3
1,2020-21,4129.54,-2477.72,-1238.86,412.96
1,2021-22,3268.07,-1960.84,-980.42,326.81
1,2022-23,3953.8,-2372.28,-1186.14,395.38
1,2023-24,4514.06,-2708.44,-1354.22,451.4
2,2011-12,2616.56,-1569.94,-784.97,261.65
2,2012-13,2308.13,-1384.88,-692.44,230.81
2,2013-14,3670.37,-2202.22,-1101.11,367.04
2,2014-15,4231.38,-2538.83,-1269.41,423.14
2,2015-16,4049.14,-2429.48,-1214.74,404.92
2,2016-17,4191.25,-2514.75,-1257.38,419.12
2,2017-18,2742.33,-1645.4,-822.7,274.23
2,2018-19,4271.34,-2562.8,-1281.4,427.14
2,2019-20,1480.84,-888.5,-444.25,148.09
2,2020-21,3177.96,-1906.78,-953.39,317.79
2,2021-22,1023.03,-613.82,-306.91,102.3
2,2022-23,2298.34,-1379.0,-689.5,229.84
2,2023-24,2465.85,-1479.51,-739.75,246.59
3,2011-12,2584.69,-1550.81,-775.41,258.47
3,2012-13,3781.87,-2269.12,-1134.56,378.19
3,2013-14,2554.23,-1532.54,-766.27,255.42
3,2014-15,2794.77,-1676.86,-838.43,279.48
3,2015-16,1950.18,-1170.11,-585.05,195.02
3,2016-17,2493.01,-1495.81,-747.9,249.3
3,2017-18,1909.08,-1145.45,-572.72,190.91
3,2018-19,1292.78,-775.67,-387.83,129.28
3,2019-20,3413.79,-2048.27,-1024.14,341.38
3,2020-21,3672.85,-2203.71,-1101.86,367.28
3,2021-22,3477.96,-2086.78,-1043.39,347.79
3,2022-23,2853.98,-1712.39,-856.19,285.4
3,2023-24,2519.14,-1511.48,-755.74,251.92
4,2011-12,4453.33,-2672.0,-1336.0,445.33
4,2012-13,3076.33,-1845.8,-922.9,307.63
4,2013-14,2916.73,-1750.04,-875.02,291.67
4,2014-15,1102.57,-661.54,-330.77,110.26
4,2015-16,2364.99,-1418.99,-709.5,236.5
4,2016-17,2520.78,-1512.47,-756.23,252.08
4,2017-18,2595.29,-1557.17,-778.59,259.53
4,2018-19,3320.69,-1992.41,-996.21,332.07
4,2019-20,3134.41,-1880.65,-940.32,313.44
4,2020-21,3431.62,-2058.97,-1029.49,343.16
4,2021-22,4059.53,-2435.72,-1217.86,405.95
4,2022-23,4251.94,-2551.16,-1275.58,425.2
4,2023-24,3872.49,-2323.49,-1161.75,387.25
5,2011-12,4822.09,-2893.25,-1446.63,482.21
5,2012-13,1072.93,-643.76,-321.88,107.29
5,2013-14,1783.11,-1069.87,-534.93,178.31
5,2014-15,1030.25,-618.15,-309.07,103.03
5,2015-16,3589.9,-2153.94,-1076.97,358.99
5,2016-17,4592.12,-2755.27,-1377.64,459.21
5,2017-18,1973.93,-1184.36,-592.18,197.39
5,2018-19,4708.14,-2824.88,-1412.44,470.82
5,2019-20,1241.07,-744.64,-372.32,124.11
5,2020-21,4737.74,-2842.64,-1421.32,473.78
5,2021-22,2406.49,-1443.89,-721.95,240.65
5,2022-23,1405.68,-843.41,-421.7,140.57
5,2023-24,2943.49,-1766.09,-883.05,294.35
6,2011-12,2027.11,-1216.27,-608.13,202.71
6,2012-13,2139.49,-1283.69,-641.85,213.95
6,2013-14,2229.16,-1337.5,-668.75,222.91
6,2014-15,4212.1,-2527.26,-1263.63,421.21
6,2015-16,3156.65,-1893.99,-947.0,315.66
6,2016-17,2245.23,-1347.14,-673.57,224.52
6,2017-18,3441.34,-2064.8,-1032.4,344.14
6,2018-19,3864.6,-2318.76,-1159.38,386.46
6,2019-20,2090.5,-1254.3,-627.15,209.05
6,2020-21,2654.2,-1592.52,-796.26,265.42
6,2021-22,1487.54,-892.52,-446.26,148.76
6,2022-23,1724.6,-1034.76,-517.38,172.46
6,2023-24,3724.47,-2234.68,-1117.34,372.45
7,2011-12,1725.75,-1035.45,-517.73,172.57
7,2012-13,3100.65,-1860.39,-930.19,310.07
7,2013-14,3836.19,-2301.71,-1150.86,383.62
7,2014-15,1427.51,-856.51,-428.25,142.75
7,2015-16,3269.25,-1961.55,-980.77,326.93
7,2016-17,2026.25,-1215.75,-607.88,202.62
7,2017-18,4851.71,-2911.03,-1455.51,485.17
7,2018-19,2934.18,-1760.51,-880.25,293.42
7,2019-20,4223.97,-2534.38,-1267.19,422.4
7,2020-21,3200.91,-1920.55,-960.27,320.09
7,2021-22,1173.65,-704.19,-352.1,117.36
7,2022-23,3532.61,-2119.57,-1059.78,353.26
7,2023-24,4805.61,-2883.37,-1441.68,480.56
8,2011-12,3406.45,-2043.87,-1021.93,340.65
8,2012-13,4276.76,-2566.06,-1283.03,427.67
8,2013-14,4536.83,-2722.1,-1361.05,453.68
8,2014-15,1912.32,-1147.39,-573.7,191.23
8,2015-16,1848.18,-1108.91,-554.45,184.82
8,2016-17,3443.92,-2066.35,-1033.18,344.39
8,2017-18,2644.11,-1586.47,-793.23,264.41
8,2018-19,4359.45,-2615.67,-1307.83,435.95
8,2019-20,4600.09,-2760.05,-1380.03,460.01
8,2020-21,2413.69,-1448.21,-724.11,241.37
8,2021-22,1947.48,-1168.49,-584.24,194.75
8,2022-23,4122.1,-2473.26,-1236.63,412.21
8,2023-24,2099.22,-1259.53,-629.77,209.92
9,2011-12,4290.46,-2574.28,-1287.14,429.04
9,2012-13,2694.95,-1616.97,-808.48,269.5
9,2013-14,3670.2,-2202.12,-1101.06,367.02
9,2014-15,1382.14,-829.28,-414.64,138.22
9,2015-16,3495.44,-2097.26,-1048.63,349.55
9,2016-17,2807.07,-1684.24,-842.12,280.71
9,2017-18,3346.43,-2007.86,-1003.93,334.64
9,2018-19,1672.06,-1003.24,-501.62,167.2
9,2019-20,3947.49,-2368.49,-1184.25,394.75
9,2020-21,4451.19,-2670.71,-1335.36,445.12
9,2021-22,1866.96,-1120.18,-560.09,186.69
9,2022-23,1382.86,-829.72,-414.86,138.28
9,2023-24,1094.55,-656.73,-328.36,109.46
10,2011-12,3567.89,-2140.73,-1070.37,356.79
10,2012-13,3428.38,-2057.03,-1028.51,342.84
10,2013-14,3186.79,-1912.07,-956.04,318.68
10,2014-15,1927.79,-1156.67,-578.34,192.78
10,2015-16,2563.62,-1538.17,-769.09,256.36
10,2016-17,3377.91,-2026.75,-1013.37,337.79
10,2017-18,2987.07,-1792.24,-896.12,298.71
10,2018-19,4951.14,-2970.68,-1485.34,495.12
10,2019-20,1545.76,-927.46,-463.73,154.57
10,2020-21,3780.58,-2268.35,-1134.17,378.06
10,2021-22,2617.28,-1570.37,-785.18,261.73
10,2022-23,2712.8,-1627.68,-813.84,271.28
10,2023-24,3870.39,-2322.23,-1161.12,387.04
11,2011-12,3769.74,-2261.84,-1130.92,376.98
11,2012-13,4965.02,-2979.01,-1489.51,496.5
11,2013-14,1513.58,-908.15,-454.07,151.36
11,2014-15,1416.44,-849.86,-424.93,141.65
11,2015-16,3897.36,-2338.42,-1169.21,389.73
11,2016-17,3313.55,-1988.13,-994.07,331.35
11,2017-18,2096.64,-1257.98,-628.99,209.67
11,2018-19,1317.68,-790.61,-395.3,131.77
11,2019-20,1342.63,-805.58,-402.79,134.26
11,2020-21,4576.76,-2746.06,-1373.03,457.67
11,2021-22,1767.47,-1060.48,-530.24,176.75
11,2022-23,2293.49,-1376.09,-688.05,229.35
11,2023-24,1906.63,-1143.98,-571.99,190.66
12,2011-12,2419.99,-1451.99,-726.0,242.0
12,2012-13,1277.7,-766.62,-383.31,127.77
12,2013-14,3076.24,-1845.74,-922.87,307.63
12,2014-15,1270.45,-762.27,-381.13,127.05
12,2015-16,4201.43,-2520.86,-1260.43,420.14
12,2016-17,1934.85,-1160.91,-580.45,193.49
12,2017-18,3160.05,-1896.03,-948.01,316.01
12,2018-19,4520.32,-2712.19,-1356.1,452.03
12,2019-20,3603.51,-2162.11,-1081.05,360.35
12,2020-21,3131.83,-1879.1,-939.55,313.18
12,2021-22,2297.34,-1378.4,-689.2,229.74
12,2022-23,2332.01,-1399.21,-699.6,233.2
12,2023-24,3677.95,-2206.77,-1103.38,367.8
13,2011-12,4976.56,-2985.94,-1492.97,497.65
13,2012-13,3647.36,-2188.42,-1094.21,364.73
13,2013-14,3231.13,-1938.68,-969.34,323.11
13,2014-15,3922.6,-2353.56,-1176.78,392.26
13,2015-16,2860.82,-1716.49,-858.25,286.08
13,2016-17,1240.57,-744.34,-372.17,124.06
13,2017-18,3249.19,-1949.51,-974.76,324.92
13,2018-19,4830.5,-2898.3,-1449.15,483.05
13,2019-20,1701.21,-1020.73,-510.36,170.12
13,2020-21,3760.02,-2256.01,-1128.01,376.0
13,2021-22,1803.73,-1082.24,-541.12,180.37
13,2022-23,3143.31,-1885.99,-942.99,314.33
13,2023-24,1386.71,-832.03,-416.01,138.67
14,2011-12,2801.48,-1680.89,-840.44,280.15
14,2012-13,4024.65,-2414.79,-1207.39,402.47
14,2013-14,2390.29,-1434.17,-717.09,239.03
14,2014-15,3659.65,-2195.79,-1097.89,365.97
14,2015-16,4181.8,-2509.08,-1254.54,418.18
14,2016-17,4708.71,-2825.23,-1412.61,470.87
14,2017-18,1938.57,-1163.14,-581.57,193.86
14,2018-19,2597.26,-1558.36,-779.18,259.72
14,2019-20,1609.66,-965.8,-482.9,160.96
14,2020-21,4969.93,-2981.96,-1490.98,496.99
14,2021-22,4708.0,-2824.8,-1412.4,470.8
14,2022-23,3159.83,-1895.9,-947.95,315.98
14,2023-24,4368.13,-2620.88,-1310.44,436.81
15,2011-12,3083.83,-1850.3,-925.15,308.38
15,2012-13,3494.34,-2096.6,-1048.3,349.44
15,2013-14,1356.5,-813.9,-406.95,135.65
15,2014-15,4021.08,-2412.65,-1206.32,402.11
15,2015-16,1510.85,-906.51,-453.25,151.09
15,2016-17,4304.27,-2582.56,-1291.28,430.43
15,2017-18,4128.11,-2476.87,-1238.43,412.81
15,2018-19,3834.98,-2300.99,-1150.49,383.5
15,2019-20,1144.64,-686.78,-343.39,114.47
15,2020-21,2212.51,-1327.51,-663.75,221.25
15,2021-22,2052.45,-1231.47,-615.73,205.25
15,2022-23,2440.55,-1464.33,-732.17,244.05
15,2023-24,1350.57,-810.34,-405.17,135.06
16,2011-12,4747.83,-2848.7,-1424.35,474.78
16,2012-13,3215.21,-1929.13,-964.56,321.52
16,2013-14,2222.1,-1333.26,-666.63,222.21
16,2014-15,2587.93,-1552.76,-776.38,258.79
16,2015-16,2788.81,-1673.29,-836.64,278.88
16,2016-17,3402.38,-2041.43,-1020.71,340.24
16,2017-18,3062.72,-1837.63,-918.82,306.27
16,2018-19,4677.57,-2806.54,-1403.27,467.76
16,2019-20,2987.85,-1792.71,-896.35,298.79
16,2020-21,4968.63,-2981.18,-1490.59,496.86
16,2021-22,4405.7,-2643.42,-1321.71,440.57
16,2022-23,1834.04,-1100.42,-550.21,183.41
16,2023-24,4722.38,-2833.43,-1416.71,472.24
17,2011-12,1465.47,-879.28,-439.64,146.55
17,2012-13,4269.8,-2561.88,-1280.94,426.98
17,2013-14,2522.49,-1513.49,-756.75,252.25
17,2014-15,4511.9,-2707.14,-1353.57,451.19
17,2015-16,4472.23,-2683.34,-1341.67,447.22
17,2016-17,4223.7,-2534.22,-1267.11,422.37
17,2017-18,4160.12,-2496.07,-1248.04,416.01
17,2018-19,2218.72,-1331.23,-665.62,221.87
17,2019-20,1323.68,-794.21,-397.1,132.37
17,2020-21,2611.92,-1567.15,-783.58,261.19
17,2021-22,1694.1,-1016.46,-508.23,169.41
17,2022-23,3779.8,-2267.88,-1133.94,377.98
17,2023-24,2384.4,-1430.64,-715.32,238.44
18,2011-12,4902.44,-2941.46,-1470.73,490.25
18,2012-13,3563.89,-2138.33,-1069.17,356.39
18,2013-14,4289.92,-2573.95,-1286.98,428.99
18,2014-15,1530.1,-918.06,-459.03,153.01
18,2015-16,4448.06,-2668.84,-1334.42,444.8
18,2016-17,4691.03,-2814.62,-1407.31,469.1
18,2017-18,2948.25,-1768.95,-884.48,294.82
18,2018-19,3425.01,-2055.01,-1027.5,342.5
18,2019-20,4059.24,-2435.54,-1217.77,405.93
18,2020-21,1699.35,-1019.61,-509.8,169.94
18,2021-22,3010.26,-1806.16,-903.08,301.02
18,2022-23,2594.65,-1556.79,-778.39,259.47
18,2023-24,1585.5,-951.3,-475.65,158.55
19,2011-12,2470.14,-1482.08,-741.04,247.02
19,2012-13,1272.69,-763.61,-381.81,127.27
19,2013-14,1103.25,-661.95,-330.97,110.33
19,2014-15,1540.67,-924.4,-462.2,154.07
19,2015-16,4852.46,-2911.48,-1455.74,485.24
19,2016-17,3198.12,-1918.87,-959.44,319.81
19,2017-18,4863.29,-2917.97,-1458.99,486.33
19,2018-19,2729.99,-1637.99,-819.0,273.0
19,2019-20,2247.26,-1348.36,-674.18,224.72
19,2020-21,3024.57,-1814.74,-907.37,302.46
19,2021-22,2758.05,-1654.83,-827.42,275.8
19,2022-23,1422.66,-853.6,-426.8,142.26
19,2023-24,3563.31,-2137.99,-1068.99,356.33
20,2011-12,1864.15,-1118.49,-559.25,186.41
20,2012-13,3478.35,-2087.01,-1043.5,347.84
20,2013-14,3600.8,-2160.48,-1080.24,360.08
20,2014-15,1608.1,-964.86,-482.43,160.81
20,2015-16,1245.4,-747.24,-373.62,124.54
20,2016-17,4123.05,-2473.83,-1236.91,412.31
20,2017-18,2839.2,-1703.52,-851.76,283.92
20,2018-19,1232.66,-739.6,-369.8,123.26
20,2019-20,4979.47,-2987.68,-1493.84,497.95
20,2020-21,1231.12,-738.67,-369.34,123.11
20,2021-22,3780.14,-2268.08,-1134.04,378.02
20,2022-23,4934.72,-2960.83,-1480.42,493.47
20,2023-24,1956.72,-1174.03,-587.02,195.67
21,2011-12,1569.0,-941.4,-470.7,156.9
21,2012-13,1485.54,-891.32,-445.66,148.56
21,2013-14,2213.1,-1327.86,-663.93,221.31
21,2014-15,1404.18,-842.51,-421.25,140.42
21,2015-16,3768.65,-2261.19,-1130.6,376.86
21,2016-17,1249.17,-749.5,-374.75,124.92
21,2017-18,3037.69,-1822.61,-911.31,303.77
21,2018-19,4986.79,-2992.07,-1496.04,498.68
21,2019-20,4255.88,-2553.53,-1276.76,425.59
21,2020-21,3460.88,-2076.53,-1038.26,346.09
21,2021-22,2225.01,-1335.01,-667.5,222.5
21,2022-23,3495.58,-2097.35,-1048.67,349.56
21,2023-24,3108.17,-1864.9,-932.45,310.82
22,2011-12,2704.33,-1622.6,-811.3,270.43
22,2012-13,1522.84,-913.7,-456.85,152.29
22,2013-14,4546.42,-2727.85,-1363.93,454.64
22,2014-15,2799.14,-1679.48,-839.74,279.92
22,2015-16,1778.49,-1067.09,-533.55,177.85
22,2016-17,2471.04,-1482.62,-741.31,247.11
22,2017-18,2656.52,-1593.91,-796.96,265.65
22,2018-19,4310.15,-2586.09,-1293.04,431.02
22,2019-20,3934.46,-2360.68,-1180.34,393.44
22,2020-21,4077.22,-2446.33,-1223.17,407.72
22,2021-22,1044.13,-626.48,-313.24,104.41
22,2022-23,2664.62,-1598.77,-799.39,266.46
22,2023-24,2925.38,-1755.23,-877.61,292.54
23,2011-12,1076.77,-646.06,-323.03,107.68
23,2012-13,2039.25,-1223.55,-611.77,203.93
23,2013-14,4041.16,-2424.7,-1212.35,404.11
23,2014-15,1548.44,-929.06,-464.53,154.85
23,2015-16,3141.24,-1884.74,-942.37,314.13
23,2016-17,1860.81,-1116.49,-558.24,186.08
23,2017-18,1048.48,-629.09,-314.54,104.85
23,2018-19,1964.81,-1178.89,-589.44,196.48
23,2019-20,4903.5,-2942.1,-1471.05,490.35
23,2020-21,4206.15,-2523.69,-1261.84,420.62
23,2021-22,4838.31,-2902.99,-1451.49,483.83
23,2022-23,2951.42,-1770.85,-885.43,295.14
23,2023-24,1438.94,-863.36,-431.68,143.9
24,2011-12,3191.84,-1915.1,-957.55,319.19
24,2012-13,2817.51,-1690.51,-845.25,281.75
24,2013-14,4377.43,-2626.46,-1313.23,437.74
24,2014-15,1392.33,-835.4,-417.7,139.23
24,2015-16,2952.96,-1771.78,-885.89,295.29
24,2016-17,1600.19,-960.11,-480.06,160.02
24,2017-18,2298.7,-1379.22,-689.61,229.87
24,2018-19,3949.43,-2369.66,-1184.83,394.94
24,2019-20,2904.07,-1742.44,-871.22,290.41
24,2020-21,2503.55,-1502.13,-751.07,250.35
24,2021-22,2577.91,-1546.75,-773.37,257.79
24,2022-23,2837.79,-1702.67,-851.34,283.78
24,2023-24,4140.07,-2484.04,-1242.02,414.01
25,2011-12,4568.34,-2741.0,-1370.5,456.84
25,2012-13,4821.34,-2892.8,-1446.4,482.14
25,2013-14,4147.61,-2488.57,-1244.28,414.76
25,2014-15,2261.63,-1356.98,-678.49,226.16
25,2015-16,3752.54,-2251.52,-1125.76,375.26
25,2016-17,2750.41,-1650.25,-825.12,275.04
25,2017-18,2018.68,-1211.21,-605.6,201.87
25,2018-19,4363.49,-2618.09,-1309.05,436.35
25,2019-20,1153.71,-692.23,-346.11,115.37
25,2020-21,4607.05,-2764.23,-1382.12,460.7
25,2021-22,2845.91,-1707.55,-853.77,284.59
25,2022-23,3548.81,-2129.29,-1064.64,354.88
25,2023-24,3637.42,-2182.45,-1091.23,363.74
26,2011-12,4580.47,-2748.28,-1374.14,458.05
26,2012-13,3546.68,-2128.01,-1064.0,354.67
26,2013-14,3455.73,-2073.44,-1036.72,345.57
26,2014-15,1266.61,-759.97,-379.98,126.66
26,2015-16,3073.63,-1844.18,-922.09,307.36
26,2016-17,1600.68,-960.41,-480.2,160.07
26,2017-18,3949.74,-2369.84,-1184.92,394.98
26,2018-19,3048.89,-1829.33,-914.67,304.89
26,2019-20,3720.91,-2232.55,-1116.27,372.09
26,2020-21,1166.69,-700.01,-350.01,116.67
26,2021-22,1339.17,-803.5,-401.75,133.92
26,2022-23,3865.29,-2319.17,-1159.59,386.53
26,2023-24,1288.34,-773.0,-386.5,128.84
27,2011-12,1285.03,-771.02,-385.51,128.5
27,2012-13,1048.43,-629.06,-314.53,104.84
27,2013-14,4826.01,-2895.61,-1447.8,482.6
27,2014-15,3950.03,-2370.02,-1185.01,395.0
27,2015-16,2413.01,-1447.81,-723.9,241.3
27,2016-17,2186.14,-1311.68,-655.84,218.62
27,2017-18,2398.81,-1439.29,-719.64,239.88
27,2018-19,4098.61,-2459.17,-1229.58,409.86
27,2019-20,3645.48,-2187.29,-1093.64,364.55
27,2020-21,1740.78,-1044.47,-522.23,174.08
27,2021-22,1696.44,-1017.86,-508.93,169.65
27,2022-23,1393.58,-836.15,-418.07,139.36
27,2023-24,3641.21,-2184.73,-1092.36,364.12
28,2011-12,4057.49,-2434.49,-1217.25,405.75
28,2012-13,2060.19,-1236.11,-618.06,206.02
28,2013-14,1083.78,-650.27,-325.13,108.38
28,2014-15,1328.69,-797.21,-398.61,132.87
28,2015-16,4871.44,-2922.86,-1461.43,487.15
28,2016-17,2181.78,-1309.07,-654.53,218.18
28,2017-18,4076.89,-2446.13,-1223.07,407.69
28,2018-19,3498.65,-2099.19,-1049.6,349.86
28,2019-20,2527.76,-1516.66,-758.33,252.77
28,2020-21,1822.75,-1093.65,-546.82,182.28
28,2021-22,1485.55,-891.33,-445.66,148.56
28,2022-23,3460.05,-2076.03,-1038.02,346.0
28,2023-24,4098.54,-2459.12,-1229.56,409.86
29,2011-12,3575.62,-2145.37,-1072.69,357.56
29,2012-13,3121.21,-1872.73,-936.36,312.12
29,2013-14,1167.8,-700.68,-350.34,116.78
29,2014-15,4873.96,-2924.38,-1462.19,487.39
29,2015-16,4194.86,-2516.92,-1258.46,419.48
29,2016-17,2171.29,-1302.77,-651.39,217.13
29,2017-18,4919.88,-2951.93,-1475.96,491.99
29,2018-19,3407.53,-2044.52,-1022.26,340.75
29,2019-20,3329.69,-1997.81,-998.91,332.97
29,2020-21,3992.29,-2395.37,-1197.69,399.23
29,2021-22,4247.08,-2548.25,-1274.12,424.71
29,2022-23,3625.91,-2175.55,-1087.77,362.59
29,2023-24,1512.38,-907.43,-453.71,151.24
30,2011-12,2353.07,-1411.84,-705.92,235.31
30,2012-13,4712.33,-2827.4,-1413.7,471.23
30,2013-14,1898.46,-1139.08,-569.54,189.84
30,2014-15,2488.67,-1493.2,-746.6,248.87
30,2015-16,2728.31,-1636.99,-818.49,272.83
30,2016-17,2757.62,-1654.57,-827.29,275.76
30,2017-18,3451.76,-2071.06,-1035.53,345.17
30,2018-19,4772.3,-2863.38,-1431.69,477.23
30,2019-20,1962.77,-1177.66,-588.83,196.28
30,2020-21,1486.01,-891.61,-445.8,148.6
30,2021-22,1789.88,-1073.93,-536.96,178.99
30,2022-23,4547.7,-2728.62,-1364.31,454.77
30,2023-24,3583.24,-2149.94,-1074.97,358.33
31,2011-12,2143.63,-1286.18,-643.09,214.36
31,2012-13,4263.79,-2558.27,-1279.14,426.38
31,2013-14,4445.48,-2667.29,-1333.64,444.55
31,2014-15,4386.06,-2631.64,-1315.82,438.6
31,2015-16,4675.71,-2805.43,-1402.71,467.57
31,2016-17,2008.96,-1205.38,-602.69,200.89
31,2017-18,4020.17,-2412.1,-1206.05,402.02
31,2018-19,2842.16,-1705.3,-852.65,284.21
31,2019-20,4367.99,-2620.79,-1310.4,436.8
31,2020-21,3913.96,-2348.38,-1174.19,391.39
31,2021-22,4105.79,-2463.47,-1231.74,410.58
31,2022-23,3624.65,-2174.79,-1087.39,362.47
31,2023-24,1709.72,-1025.83,-512.92,170.97
32,2011-12,3180.11,-1908.07,-954.03,318.01
32,2012-13,4938.68,-2963.21,-1481.6,493.87
32,2013-14,4749.55,-2849.73,-1424.87,474.95
32,2014-15,1172.69,-703.61,-351.81,117.27
32,2015-16,1659.26,-995.56,-497.78,165.92
32,2016-17,1526.92,-916.15,-458.08,152.69
32,2017-18,3903.92,-2342.35,-1171.18,390.39
32,2018-19,4271.14,-2562.68,-1281.34,427.12
32,2019-20,1854.05,-1112.43,-556.21,185.41
32,2020-21,3023.41,-1814.05,-907.02,302.34
32,2021-22,4362.81,-2617.69,-1308.84,436.28
32,2022-23,3931.21,-2358.73,-1179.36,393.12
32,2023-24,3168.95,-1901.37,-950.68,316.9
33,2011-12,3361.39,-2016.83,-1008.42,336.14
33,2012-13,3033.44,-1820.06,-910.03,303.35
33,2013-14,2190.19,-1314.11,-657.06,219.02
33,2014-15,3260.09,-1956.05,-978.03,326.01
33,2015-16,3755.54,-2253.32,-1126.66,375.56
33,2016-17,4493.29,-2695.97,-1347.99,449.33
33,2017-18,3545.17,-2127.1,-1063.55,354.52
33,2018-19,4044.49,-2426.69,-1213.35,404.45
33,2019-20,1640.29,-984.17,-492.09,164.03
33,2020-21,2846.23,-1707.74,-853.87,284.62
33,2021-22,1037.33,-622.4,-311.2,103.73
33,2022-23,1986.72,-1192.03,-596.02,198.67
33,2023-24,3905.85,-2343.51,-1171.75,390.59
34,2011-12,4967.24,-2980.34,-1490.17,496.73
34,2012-13,1396.71,-838.03,-419.01,139.67
34,2013-14,2605.98,-1563.59,-781.79,260.6
34,2014-15,4200.28,-2520.17,-1260.08,420.03
34,2015-16,1816.14,-1089.68,-544.84,181.62
34,2016-17,3220.34,-1932.2,-966.1,322.04
34,2017-18,3932.29,-2359.37,-1179.69,393.23
34,2018-19,3463.94,-2078.36,-1039.18,346.4
34,2019-20,1752.1,-1051.26,-525.63,175.21
34,2020-21,2421.54,-1452.92,-726.46,242.16
34,2021-22,4135.17,-2481.1,-1240.55,413.52
34,2022-23,3216.91,-1930.15,-965.07,321.69
34,2023-24,1020.92,-612.55,-306.28,102.09
35,2011-12,4043.96,-2426.38,-1213.19,404.39
35,2012-13,1141.25,-684.75,-342.38,114.12
35,2013-14,3982.94,-2389.76,-1194.88,398.3
35,2014-15,1809.92,-1085.95,-542.98,180.99
35,2015-16,4832.29,-2899.37,-1449.69,483.23
35,2016-17,2471.76,-1483.06,-741.53,247.17
35,2017-18,2307.73,-1384.64,-692.32,230.77
35,2018-19,1595.55,-957.33,-478.66,159.56
35,2019-20,2222.42,-1333.45,-666.73,222.24
35,2020-21,4506.6,-2703.96,-1351.98,450.66
35,2021-22,4985.34,-2991.2,-1495.6,498.54
35,2022-23,2473.24,-1483.94,-741.97,247.33
35,2023-24,2794.44,-1676.66,-838.33,279.45
36,2011-12,3888.28,-2332.97,-1166.48,388.83
36,2012-13,4544.78,-2726.87,-1363.43,454.48
36,2013-14,3372.18,-2023.31,-1011.65,337.22
36,2014-15,2566.1,-1539.66,-769.83,256.61
36,2015-16,2650.49,-1590.29,-795.15,265.05
36,2016-17,3782.47,-2269.48,-1134.74,378.25
36,2017-18,1012.87,-607.72,-303.86,101.29
36,2018-19,3478.36,-2087.02,-1043.51,347.83
36,2019-20,2421.97,-1453.18,-726.59,242.2
36,2020-21,4176.79,-2506.07,-1253.04,417.68
36,2021-22,1371.96,-823.18,-411.59,137.19
36,2022-23,3352.81,-2011.69,-1005.84,335.28
36,2023-24,2923.89,-1754.33,-877.17,292.39
37,2011-12,3569.3,-2141.58,-1070.79,356.93
37,2012-13,1259.41,-755.65,-377.82,125.94
37,2013-14,3319.94,-1991.96,-995.98,332.0
37,2014-15,3245.94,-1947.56,-973.78,324.6
37,2015-16,3242.64,-1945.58,-972.79,324.27
37,2016-17,3413.95,-2048.37,-1024.18,341.4
37,2017-18,3705.87,-2223.52,-1111.76,370.59
37,2018-19,4219.96,-2531.98,-1265.99,421.99
37,2019-20,2079.28,-1247.57,-623.78,207.93
37,2020-21,4300.2,-2580.12,-1290.06,430.02
37,2021-22,2993.02,-1795.81,-897.91,299.3
37,2022-23,1308.23,-784.94,-392.47,130.82
37,2023-24,1234.2,-740.52,-370.26,123.42
38,2011-12,2336.95,-1402.17,-701.08,233.7
38,2012-13,4139.59,-2483.75,-1241.88,413.96
38,2013-14,3830.72,-2298.43,-1149.22,383.07
38,2014-15,4154.46,-2492.68,-1246.34,415.44
38,2015-16,3069.08,-1841.45,-920.72,306.91
38,2016-17,2760.8,-1656.48,-828.24,276.08
38,2017-18,1589.81,-953.89,-476.94,158.98
38,2018-19,2312.77,-1387.66,-693.83,231.28
38,2019-20,2736.08,-1641.65,-820.82,273.61
38,2020-21,1354.4,-812.64,-406.32,135.44
38,2021-22,1882.45,-1129.47,-564.74,188.24
38,2022-23,3392.9,-2035.74,-1017.87,339.29
38,2023-24,3942.65,-2365.59,-1182.8,394.26
39,2011-12,4993.39,-2996.03,-1498.02,499.34
39,2012-13,4732.45,-2839.47,-1419.73,473.25
39,2013-14,3570.26,-2142.16,-1071.08,357.02
39,2014-15,2684.99,-1610.99,-805.5,268.5
39,2015-16,3544.71,-2126.83,-1063.41,354.47
39,2016-17,4142.61,-2485.57,-1242.78,414.26
39,2017-18,1473.34,-884.0,-442.0,147.34
39,2018-19,2639.62,-1583.77,-791.89,263.96
39,2019-20,4359.21,-2615.53,-1307.76,435.92
39,2020-21,2535.33,-1521.2,-760.6,253.53
39,2021-22,3287.49,-1972.49,-986.25,328.75
39,2022-23,3351.08,-2010.65,-1005.32,335.11
39,2023-24,1737.91,-1042.75,-521.37,173.79
40,2011-12,2448.94,-1469.36,-734.68,244.9
40,2012-13,2338.05,-1402.83,-701.42,233.8
40,2013-14,1104.79,-662.87,-331.44,110.48
40,2014-15,1096.77,-658.06,-329.03,109.68
40,2015-16,4326.79,-2596.07,-1298.04,432.68
40,2016-17,2092.28,-1255.37,-627.68,209.23
40,2017-18,3072.32,-1843.39,-921.7,307.23
40,2018-19,2194.9,-1316.94,-658.47,219.49
40,2019-20,4762.72,-2857.63,-1428.82,476.27
40,2020-21,2037.19,-1222.31,-611.16,203.72
40,2021-22,2718.63,-1631.18,-815.59,271.86
40,2022-23,4490.92,-2694.55,-1347.28,449.09
40,2023-24,4367.73,-2620.64,-1310.32,436.77
41,2011-12,1744.41,-1046.65,-523.32,174.44
41,2012-13,4210.57,-2526.34,-1263.17,421.06
41,2013-14,2832.75,-1699.65,-849.82,283.28
41,2014-15,2931.88,-1759.13,-879.56,293.19
41,2015-16,1533.92,-920.35,-460.18,153.39
41,2016-17,1322.41,-793.45,-396.72,132.24
41,2017-18,3911.76,-2347.06,-1173.53,391.17
41,2018-19,2985.84,-1791.5,-895.75,298.59
41,2019-20,2747.4,-1648.44,-824.22,274.74
41,2020-21,3918.03,-2350.82,-1175.41,391.8
41,2021-22,4062.05,-2437.23,-1218.62,406.2
41,2022-23,1635.63,-981.38,-490.69,163.56
41,2023-24,3440.9,-2064.54,-1032.27,344.09
42,2011-12,1541.42,-924.85,-462.43,154.14
42,2012-13,4005.5,-2403.3,-1201.65,400.55
42,2013-14,3627.82,-2176.69,-1088.35,362.78
42,2014-15,4826.46,-2895.88,-1447.94,482.64
42,2015-16,1275.83,-765.5,-382.75,127.58
42,2016-17,1228.22,-736.93,-368.47,122.82
42,2017-18,2128.75,-1277.25,-638.62,212.88
42,2018-19,2046.82,-1228.09,-614.05,204.68
42,2019-20,1987.92,-1192.75,-596.38,198.79
42,2020-21,4625.02,-2775.01,-1387.51,462.5
42,2021-22,1998.18,-1198.91,-599.45,199.82
42,2022-23,2087.8,-1252.68,-626.34,208.78
42,2023-24,4037.59,-2422.55,-1211.28,403.76
43,2011-12,2798.96,-1679.38,-839.69,279.89
43,2012-13,4106.84,-2464.1,-1232.05,410.69
43,2013-14,1261.46,-756.88,-378.44,126.14
43,2014-15,2950.28,-1770.17,-885.08,295.03
43,2015-16,1134.45,-680.67,-340.33,113.45
43,2016-17,1250.61,-750.37,-375.18,125.06
43,2017-18,4625.75,-2775.45,-1387.72,462.58
43,2018-19,1556.98,-934.19,-467.09,155.7
43,2019-20,3129.68,-1877.81,-938.9,312.97
43,2020-21,2644.38,-1586.63,-793.31,264.44
43,2021-22,2389.37,-1433.62,-716.81,238.94
43,2022-23,4599.33,-2759.6,-1379.8,459.93
43,2023-24,1087.29,-652.37,-326.19,108.73
44,2011-12,3655.16,-2193.1,-1096.55,365.51
44,2012-13,4853.58,-2912.15,-1456.07,485.36
44,2013-14,3240.67,-1944.4,-972.2,324.07
44,2014-15,4747.29,-2848.37,-1424.19,474.73
44,2015-16,1209.03,-725.42,-362.71,120.9
44,2016-17,2675.17,-1605.1,-802.55,267.52
44,2017-18,2040.63,-1224.38,-612.19,204.06
44,2018-19,3923.28,-2353.97,-1176.98,392.33
44,2019-20,4925.19,-2955.11,-1477.56,492.52
44,2020-21,2026.12,-1215.67,-607.84,202.61
44,2021-22,3616.7,-2170.02,-1085.01,361.67
44,2022-23,1792.39,-1075.43,-537.72,179.24
44,2023-24,3261.32,-1956.79,-978.4,326.13
45,2011-12,2855.73,-1713.44,-856.72,285.57
45,2012-13,4888.02,-2932.81,-1466.41,488.8
45,2013-14,3434.11,-2060.47,-1030.23,343.41
45,2014-15,2398.03,-1438.82,-719.41,239.8
45,2015-16,1456.38,-873.83,-436.91,145.64
45,2016-17,1604.99,-962.99,-481.5,160.5
45,2017-18,1901.27,-1140.76,-570.38,190.13
45,2018-19,2003.87,-1202.32,-601.16,200.39
45,2019-20,4402.46,-2641.48,-1320.74,440.24
45,2020-21,3244.89,-1946.93,-973.47,324.49
45,2021-22,3093.56,-1856.14,-928.07,309.35
45,2022-23,1459.08,-875.45,-437.72,145.91
45,2023-24,4440.56,-2664.34,-1332.17,444.05
46,2011-12,3891.26,-2334.76,-1167.38,389.12
46,2012-13,1270.67,-762.4,-381.2,127.07
46,2013-14,3831.34,-2298.8,-1149.4,383.14
46,2014-15,3174.15,-1904.49,-952.25,317.41
46,2015-16,1326.9,-796.14,-398.07,132.69
46,2016-17,2833.2,-1699.92,-849.96,283.32
46,2017-18,2938.79,-1763.27,-881.64,293.88
46,2018-19,1663.1,-997.86,-498.93,166.31
46,2019-20,4782.79,-2869.67,-1434.84,478.28
46,2020-21,4399.9,-2639.94,-1319.97,439.99
46,2021-22,3676.09,-2205.65,-1102.83,367.61
46,2022-23,2849.18,-1709.51,-854.75,284.92
46,2023-24,2647.06,-1588.24,-794.12,264.7
47,2011-12,3603.89,-2162.33,-1081.17,360.39
47,2012-13,3181.73,-1909.04,-954.52,318.17
47,2013-14,1249.09,-749.45,-374.73,124.91
47,2014-15,3050.01,-1830.01,-915.0,305.0
47,2015-16,4225.61,-2535.37,-1267.68,422.56
47,2016-17,2836.96,-1702.18,-851.09,283.69
47,2017-18,1207.83,-724.7,-362.35,120.78
47,2018-19,4145.11,-2487.07,-1243.53,414.51
47,2019-20,1805.46,-1083.28,-541.64,180.54
47,2020-21,2034.48,-1220.69,-610.34,203.45
47,2021-22,1658.83,-995.3,-497.65,165.88
47,2022-23,2320.86,-1392.52,-696.26,232.08
47,2023-24,4027.01,-2416.21,-1208.1,402.7
48,2011-12,3077.54,-1846.52,-923.26,307.76
48,2012-13,1819.53,-1091.72,-545.86,181.95
48,2013-14,4511.32,-2706.79,-1353.4,451.13
48,2014-15,4518.33,-2711.0,-1355.5,451.83
48,2015-16,4482.31,-2689.39,-1344.69,448.23
48,2016-17,1955.18,-1173.11,-586.55,195.52
48,2017-18,2804.96,-1682.98,-841.49,280.49
48,2018-19,4939.96,-2963.98,-1481.99,493.99
48,2019-20,4088.05,-2452.83,-1226.41,408.81
48,2020-21,1108.67,-665.2,-332.6,110.87
48,2021-22,1260.82,-756.49,-378.25,126.08
48,2022-23,2855.73,-1713.44,-856.72,285.57
48,2023-24,4636.88,-2782.13,-1391.06,463.69
49,2011-12,3154.81,-1892.89,-946.44,315.48
49,2012-13,2991.25,-1794.75,-897.38,299.12
49,2013-14,1421.89,-853.13,-426.57,142.19
49,2014-15,3627.12,-2176.27,-1088.14,362.71
49,2015-16,4288.41,-2573.05,-1286.52,428.84
49,2016-17,2521.68,-1513.01,-756.5,252.17
49,2017-18,4102.45,-2461.47,-1230.73,410.25
49,2018-19,4857.91,-2914.75,-1457.37,485.79
49,2019-20,1815.07,-1089.04,-544.52,181.51
49,2020-21,3093.32,-1855.99,-928.0,309.33
49,2021-22,2148.55,-1289.13,-644.57,214.85
49,2022-23,4171.42,-2502.85,-1251.43,417.14
49,2023-24,3310.37,-1986.22,-993.11,331.04
50,2011-12,3538.33,-2123.0,-1061.5,353.83
50,2012-13,4191.66,-2515.0,-1257.5,419.16
50,2013-14,2583.88,-1550.33,-775.16,258.39
50,2014-15,4660.36,-2796.22,-1398.11,466.03
50,2015-16,3132.12,-1879.27,-939.64,313.21
50,2016-17,1631.82,-979.09,-489.55,163.18
50,2017-18,3783.6,-2270.16,-1135.08,378.36
50,2018-19,4173.05,-2503.83,-1251.91,417.31
50,2019-20,2267.05,-1360.23,-680.12,226.7
50,2020-21,4428.72,-2657.23,-1328.62,442.87
50,2021-22,4624.57,-2774.74,-1387.37,462.46
50,2022-23,2107.62,-1264.57,-632.29,210.76
50,2023-24,4934.09,-2960.45,-1480.23,493.41
51,2011-12,1562.85,-937.71,-468.85,156.29
51,2012-13,1808.06,-1084.84,-542.42,180.8
51,2013-14,1736.9,-1042.14,-521.07,173.69
51,2014-15,4575.96,-2745.58,-1372.79,457.59
51,2015-16,3617.17,-2170.3,-1085.15,361.72
51,2016-17,1608.42,-965.05,-482.53,160.84
51,2017-18,2761.29,-1656.77,-828.39,276.13
51,2018-19,3461.19,-2076.71,-1038.36,346.12
51,2019-20,1333.86,-800.32,-400.16,133.38
51,2020-21,4529.67,-2717.8,-1358.9,452.97
51,2021-22,4214.41,-2528.65,-1264.32,421.44
51,2022-23,3020.83,-1812.5,-906.25,302.08
51,2023-24,4868.51,-2921.11,-1460.55,486.85
52,2011-12,2671.04,-1602.62,-801.31,267.11
52,2012-13,4936.44,-2961.86,-1480.93,493.65
52,2013-14,3671.68,-2203.01,-1101.5,367.17
52,2014-15,3538.69,-2123.21,-1061.61,353.87
52,2015-16,1663.82,-998.29,-499.15,166.38
52,2016-17,4527.71,-2716.63,-1358.31,452.77
52,2017-18,2709.96,-1625.98,-812.99,270.99
52,2018-19,1648.93,-989.36,-494.68,164.89
52,2019-20,1050.43,-630.26,-315.13,105.04
52,2020-21,3239.02,-1943.41,-971.71,323.9
52,2021-22,3109.6,-1865.76,-932.88,310.96
52,2022-23,3877.41,-2326.45,-1163.22,387.74
52,2023-24,4561.03,-2736.62,-1368.31,456.1
53,2011-12,1317.63,-790.58,-395.29,131.76
53,2012-13,3925.99,-2355.59,-1177.8,392.6
53,2013-14,1749.65,-1049.79,-524.89,174.97
53,2014-15,4432.71,-2659.63,-1329.81,443.27
53,2015-16,4276.25,-2565.75,-1282.88,427.62
53,2016-17,3163.18,-1897.91,-948.95,316.32
53,2017-18,3840.97,-2304.58,-1152.29,384.1
53,2018-19,2257.4,-1354.44,-677.22,225.74
53,2019-20,2884.67,-1730.8,-865.4,288.47
53,2020-21,4286.55,-2571.93,-1285.96,428.66
53,2021-22,2837.06,-1702.24,-851.12,283.7
53,2022-23,2431.19,-1458.71,-729.36,243.12
53,2023-24,2976.85,-1786.11,-893.05,297.69
54,2011-12,4313.0,-2587.8,-1293.9,431.3
54,2012-13,2340.83,-1404.5,-702.25,234.08
54,2013-14,1695.05,-1017.03,-508.51,169.51
54,2014-15,3848.06,-2308.84,-1154.42,384.8
54,2015-16,4303.91,-2582.35,-1291.17,430.39
54,2016-17,1402.55,-841.53,-420.76,140.26
54,2017-18,1959.5,-1175.7,-587.85,195.95
54,2018-19,1567.89,-940.73,-470.37,156.79
54,2019-20,2391.77,-1435.06,-717.53,239.18
54,2020-21,2801.4,-1680.84,-840.42,280.14
54,2021-22,3995.31,-2397.19,-1198.59,399.53
54,2022-23,3604.59,-2162.75,-1081.38,360.46
54,2023-24,3483.71,-2090.23,-1045.11,348.37
55,2011-12,2409.5,-1445.7,-722.85,240.95
55,2012-13,4365.79,-2619.47,-1309.74,436.58
55,2013-14,2885.15,-1731.09,-865.54,288.52
55,2014-15,4916.42,-2949.85,-1474.93,491.64
55,2015-16,3536.57,-2121.94,-1060.97,353.66
55,2016-17,1505.06,-903.04,-451.52,150.5
55,2017-18,3704.71,-2222.83,-1111.41,370.47
55,2018-19,2300.42,-1380.25,-690.13,230.04
55,2019-20,3745.31,-2247.19,-1123.59,374.53
55,2020-21,1278.56,-767.14,-383.57,127.85
55,2021-22,1699.53,-1019.72,-509.86,169.95
55,2022-23,4422.95,-2653.77,-1326.88,442.3
55,2023-24,1908.72,-1145.23,-572.62,190.87
56,2011-12,4348.16,-2608.9,-1304.45,434.81
56,2012-13,2117.1,-1270.26,-635.13,211.71
56,2013-14,3571.53,-2142.92,-1071.46,357.15
56,2014-15,3776.6,-2265.96,-1132.98,377.66
56,2015-16,3050.62,-1830.37,-915.19,305.06
56,2016-17,2221.24,-1332.74,-666.37,222.13
56,2017-18,1850.58,-1110.35,-555.17,185.06
56,2018-19,1132.76,-679.66,-339.83,113.27
56,2019-20,2215.79,-1329.47,-664.74,221.58
56,2020-21,3612.65,-2167.59,-1083.8,361.26
56,2021-22,4753.22,-2851.93,-1425.97,475.32
56,2022-23,4484.82,-2690.89,-1345.45,448.48
56,2023-24,4064.26,-2438.56,-1219.28,406.42
57,2011-12,4153.79,-2492.27,-1246.14,415.38
57,2012-13,3659.94,-2195.96,-1097.98,366.0
57,2013-14,2041.15,-1224.69,-612.35,204.11
57,2014-15,4628.78,-2777.27,-1388.63,462.88
57,2015-16,3682.93,-2209.76,-1104.88,368.29
57,2016-17,3241.76,-1945.06,-972.53,324.17
57,2017-18,1443.96,-866.38,-433.19,144.39
57,2018-19,2788.22,-1672.93,-836.47,278.82
57,2019-20,2841.43,-1704.86,-852.43,284.14
57,2020-21,4458.25,-2674.95,-1337.47,445.83
57,2021-22,3186.59,-1911.95,-955.98,318.66
57,2022-23,2521.6,-1512.96,-756.48,252.16
57,2023-24,4907.2,-2944.32,-1472.16,490.72
58,2011-12,1442.88,-865.73,-432.86,144.29
58,2012-13,2690.19,-1614.11,-807.06,269.02
58,2013-14,1168.1,-700.86,-350.43,116.81
58,2014-15,3959.62,-2375.77,-1187.89,395.96
58,2015-16,4672.31,-2803.39,-1401.69,467.23
58,2016-17,2120.15,-1272.09,-636.04,212.02
58,2017-18,4433.37,-2660.02,-1330.01,443.34
58,2018-19,2168.87,-1301.32,-650.66,216.89
58,2019-20,4643.08,-2785.85,-1392.92,464.31
58,2020-21,4015.85,-2409.51,-1204.75,401.59
58,2021-22,4219.63,-2531.78,-1265.89,421.96
58,2022-23,1072.03,-643.22,-321.61,107.2
58,2023-24,4851.24,-2910.74,-1455.37,485.13
59,2011-12,3906.68,-2344.01,-1172.0,390.67
59,2012-13,2219.0,-1331.4,-665.7,221.9
59,2013-14,4317.58,-2590.55,-1295.27,431.76
59,2014-15,2126.08,-1275.65,-637.82,212.61
59,2015-16,4491.02,-2694.61,-1347.31,449.1
59,2016-17,1450.32,-870.19,-435.1,145.03
59,2017-18,3814.74,-2288.84,-1144.42,381.48
59,2018-19,3162.79,-1897.67,-948.84,316.28
59,2019-20,1386.14,-831.68,-415.84,138.62
59,2020-21,1967.58,-1180.55,-590.27,196.76
59,2021-22,1049.62,-629.77,-314.89,104.96
59,2022-23,2875.07,-1725.04,-862.52,287.51
59,2023-24,2205.06,-1323.04,-661.52,220.5
60,2011-12,3393.43,-2036.06,-1018.03,339.34
60,2012-13,2188.95,-1313.37,-656.68,218.9
60,2013-14,2199.68,-1319.81,-659.9,219.97
60,2014-15,3972.77,-2383.66,-1191.83,397.28
60,2015-16,1192.57,-715.54,-357.77,119.26
60,2016-17,4611.58,-2766.95,-1383.47,461.16
60,2017-18,4409.06,-2645.44,-1322.72,440.9
60,2018-19,3671.22,-2202.73,-1101.37,367.12
60,2019-20,3372.89,-2023.73,-1011.87,337.29
60,2020-21,4569.21,-2741.53,-1370.76,456.92
60,2021-22,1741.32,-1044.79,-522.4,174.13
60,2022-23,1315.88,-789.53,-394.76,131.59
60,2023-24,1958.04,-1174.82,-587.41,195.81
61,2011-12,4178.31,-2506.99,-1253.49,417.83
61,2012-13,1138.68,-683.21,-341.6,113.87
61,2013-14,3331.23,-1998.74,-999.37,333.12
61,2014-15,4981.75,-2989.05,-1494.52,498.18
61,2015-16,4422.78,-2653.67,-1326.83,442.28
61,2016-17,3085.78,-1851.47,-925.73,308.58
61,2017-18,1254.56,-752.74,-376.37,125.45
61,2018-19,4325.49,-2595.29,-1297.65,432.55
61,2019-20,3395.91,-2037.55,-1018.77,339.59
61,2020-21,1459.73,-875.84,-437.92,145.97
61,2021-22,1375.43,-825.26,-412.63,137.54
61,2022-23,4638.51,-2783.11,-1391.55,463.85
61,2023-24,3676.8,-2206.08,-1103.04,367.68
62,2011-12,4317.15,-2590.29,-1295.14,431.72
62,2012-13,4515.92,-2709.55,-1354.78,451.59
62,2013-14,3287.09,-1972.25,-986.13,328.71
62,2014-15,3069.79,-1841.87,-920.94,306.98
62,2015-16,2721.71,-1633.03,-816.51,272.17
62,2016-17,2267.79,-1360.67,-680.34,226.78
62,2017-18,2738.38,-1643.03,-821.51,273.84
62,2018-19,4095.52,-2457.31,-1228.66,409.55
62,2019-20,3407.69,-2044.61,-1022.31,340.77
62,2020-21,4570.09,-2742.05,-1371.03,457.01
62,2021-22,2773.52,-1664.11,-832.06,277.35
62,2022-23,3428.36,-2057.02,-1028.51,342.83
62,2023-24,3525.23,-2115.14,-1057.57,352.52
63,2011-12,3366.79,-2020.07,-1010.04,336.68
63,2012-13,3810.54,-2286.32,-1143.16,381.06
63,2013-14,1949.73,-1169.84,-584.92,194.97
63,2014-15,3049.46,-1829.68,-914.84,304.94
63,2015-16,1416.9,-850.14,-425.07,141.69
63,2016-17,2538.05,-1522.83,-761.42,253.8
63,2017-18,2950.67,-1770.4,-885.2,295.07
63,2018-19,3608.9,-2165.34,-1082.67,360.89
63,2019-20,4802.12,-2881.27,-1440.64,480.21
63,2020-21,3402.6,-2041.56,-1020.78,340.26
63,2021-22,3974.38,-2384.63,-1192.31,397.44
63,2022-23,3025.06,-1815.04,-907.52,302.5
63,2023-24,3536.42,-2121.85,-1060.93,353.64
64,2011-12,1283.73,-770.24,-385.12,128.37
64,2012-13,2017.57,-1210.54,-605.27,201.76
64,2013-14,2447.41,-1468.45,-734.22,244.74
64,2014-15,2889.97,-1733.98,-866.99,289.0
64,2015-16,1182.59,-709.55,-354.78,118.26
64,2016-17,1560.1,-936.06,-468.03,156.01
64,2017-18,2107.26,-1264.36,-632.18,210.72
64,2018-19,4886.13,-2931.68,-1465.84,488.61
64,2019-20,2325.39,-1395.23,-697.62,232.54
64,2020-21,2928.16,-1756.9,-878.45,292.81
64,2021-22,1784.39,-1070.63,-535.32,178.44
64,2022-23,3443.12,-2065.87,-1032.94,344.31
64,2023-24,2122.73,-1273.64,-636.82,212.27
65,2011-12,1827.97,-1096.78,-548.39,182.8
65,2012-13,3066.29,-1839.77,-919.89,306.63
65,2013-14,1022.02,-613.21,-306.61,102.2
65,2014-15,1030.66,-618.4,-309.2,103.06
65,2015-16,1876.28,-1125.77,-562.88,187.63
65,2016-17,1146.89,-688.13,-344.07,114.69
65,2017-18,1432.1,-859.26,-429.63,143.21
65,2018-19,2355.44,-1413.26,-706.63,235.55
65,2019-20,4210.34,-2526.2,-1263.1,421.04
65,2020-21,3288.19,-1972.91,-986.46,328.82
65,2021-22,3050.67,-1830.4,-915.2,305.07
65,2022-23,2173.96,-1304.38,-652.19,217.39
65,2023-24,4727.01,-2836.21,-1418.1,472.7
66,2011-12,2588.06,-1552.84,-776.42,258.8
66,2012-13,1348.37,-809.02,-404.51,134.84
66,2013-14,3468.27,-2080.96,-1040.48,346.83
66,2014-15,1455.35,-873.21,-436.6,145.54
66,2015-16,2380.89,-1428.53,-714.27,238.09
66,2016-17,3029.65,-1817.79,-908.89,302.97
66,2017-18,4496.89,-2698.13,-1349.07,449.69
66,2018-19,2974.19,-1784.51,-892.26,297.42
66,2019-20,3809.04,-2285.42,-1142.71,380.91
66,2020-21,4971.27,-2982.76,-1491.38,497.13
66,2021-22,1525.96,-915.58,-457.79,152.59
66,2022-23,2098.93,-1259.36,-629.68,209.89
66,2023-24,2578.3,-1546.98,-773.49,257.83
67,2011-12,2687.31,-1612.39,-806.19,268.73
67,2012-13,2644.08,-1586.45,-793.22,264.41
67,2013-14,4630.44,-2778.26,-1389.13,463.05
67,2014-15,3856.13,-2313.68,-1156.84,385.61
67,2015-16,3431.62,-2058.97,-1029.49,343.16
67,2016-17,2237.49,-1342.49,-671.25,223.75
67,2017-18,4295.16,-2577.1,-1288.55,429.51
67,2018-19,4820.24,-2892.14,-1446.07,482.03
67,2019-20,4284.79,-2570.87,-1285.44,428.48
67,2020-21,1006.26,-603.76,-301.88,100.62
67,2021-22,3545.61,-2127.37,-1063.68,354.56
67,2022-23,1204.54,-722.72,-361.36,120.46
67,2023-24,2030.43,-1218.26,-609.13,203.04
68,2011-12,1238.1,-742.86,-371.43,123.81
68,2012-13,3415.18,-2049.11,-1024.55,341.52
68,2013-14,3746.36,-2247.82,-1123.91,374.63
68,2014-15,1457.95,-874.77,-437.38,145.8
68,2015-16,2535.36,-1521.22,-760.61,253.53
68,2016-17,2824.95,-1694.97,-847.48,282.5
68,2017-18,2476.21,-1485.73,-742.86,247.62
68,2018-19,1484.1,-890.46,-445.23,148.41
68,2019-20,2675.79,-1605.47,-802.74,267.58
68,2020-21,4004.71,-2402.83,-1201.41,400.47
68,2021-22,1284.03,-770.42,-385.21,128.4
68,2022-23,1320.72,-792.43,-396.22,132.07
68,2023-24,2419.09,-1451.45,-725.73,241.91
69,2011-12,4766.9,-2860.14,-1430.07,476.69
69,2012-13,3674.29,-2204.57,-1102.29,367.43
69,2013-14,3714.68,-2228.81,-1114.4,371.47
69,2014-15,2447.68,-1468.61,-734.3,244.77
69,2015-16,3374.64,-2024.78,-1012.39,337.47
69,2016-17,1040.52,-624.31,-312.16,104.05
69,2017-18,3544.38,-2126.63,-1063.31,354.44
69,2018-19,4653.15,-2791.89,-1395.94,465.32
69,2019-20,3450.29,-2070.17,-1035.09,345.03
69,2020-21,4494.79,-2696.87,-1348.44,449.48
69,2021-22,3895.89,-2337.53,-1168.77,389.59
69,2022-23,1482.23,-889.34,-444.67,148.22
69,2023-24,4609.81,-2765.89,-1382.94,460.98
70,2011-12,1265.78,-759.47,-379.73,126.58
70,2012-13,3135.87,-1881.52,-940.76,313.59
70,2013-14,1568.55,-941.13,-470.56,156.86
70,2014-15,1046.83,-628.1,-314.05,104.68
70,2015-16,2688.14,-1612.88,-806.44,268.82
70,2016-17,2180.16,-1308.1,-654.05,218.01
70,2017-18,2944.0,-1766.4,-883.2,294.4
70,2018-19,3308.8,-1985.28,-992.64,330.88
70,2019-20,1174.96,-704.98,-352.49,117.49
70,2020-21,1492.01,-895.21,-447.6,149.2
70,2021-22,3234.57,-1940.74,-970.37,323.46
70,2022-23,2372.67,-1423.6,-711.8,237.27
70,2023-24,3916.69,-2350.01,-1175.01,391.67
71,2011-12,3609.17,-2165.5,-1082.75,360.92
71,2012-13,4382.42,-2629.45,-1314.73,438.24
71,2013-14,3769.97,-2261.98,-1130.99,377.0
71,2014-15,2719.72,-1631.83,-815.92,271.97
71,2015-16,3691.87,-2215.12,-1107.56,369.19
71,2016-17,2101.52,-1260.91,-630.46,210.15
71,2017-18,2225.25,-1335.15,-667.57,222.53
71,2018-19,4155.94,-2493.56,-1246.78,415.6
71,2019-20,2785.68,-1671.41,-835.7,278.57
71,2020-21,4193.52,-2516.11,-1258.06,419.35
71,2021-22,4289.69,-2573.81,-1286.91,428.97
71,2022-23,4430.25,-2658.15,-1329.08,443.02
71,2023-24,4666.54,-2799.92,-1399.96,466.66
72,2011-12,2723.94,-1634.36,-817.18,272.4
72,2012-13,2275.47,-1365.28,-682.64,227.55
72,2013-14,3328.79,-1997.27,-998.64,332.88
72,2014-15,2484.69,-1490.81,-745.41,248.47
72,2015-16,3404.3,-2042.58,-1021.29,340.43
72,2016-17,3822.34,-2293.4,-1146.7,382.24
72,2017-18,3753.62,-2252.17,-1126.09,375.36
72,2018-19,2498.21,-1498.93,-749.46,249.82
72,2019-20,1667.44,-1000.46,-500.23,166.75
72,2020-21,2722.12,-1633.27,-816.64,272.21
72,2021-22,1570.38,-942.23,-471.11,157.04
72,2022-23,4560.39,-2736.23,-1368.12,456.04
72,2023-24,2383.51,-1430.11,-715.05,238.35
73,2011-12,1617.84,-970.7,-485.35,161.79
73,2012-13,1101.79,-661.07,-330.54,110.18
73,2013-14,3583.29,-2149.97,-1074.99,358.33
73,2014-15,3547.61,-2128.57,-1064.28,354.76
73,2015-16,2362.42,-1417.45,-708.73,236.24
73,2016-17,1286.85,-772.11,-386.05,128.69
73,2017-18,2638.52,-1583.11,-791.56,263.85
73,2018-19,2244.87,-1346.92,-673.46,224.49
73,2019-20,3708.48,-2225.09,-1112.54,370.85
73,2020-21,3423.12,-2053.87,-1026.94,342.31
73,2021-22,2458.37,-1475.02,-737.51,245.84
73,2022-23,1871.57,-1122.94,-561.47,187.16
73,2023-24,4952.14,-2971.28,-1485.64,495.22
74,2011-12,2816.01,-1689.61,-844.8,281.6
74,2012-13,3753.1,-2251.86,-1125.93,375.31
74,2013-14,1562.21,-937.33,-468.66,156.22
74,2014-15,2942.36,-1765.42,-882.71,294.23
74,2015-16,1110.15,-666.09,-333.05,111.01
74,2016-17,3021.82,-1813.09,-906.55,302.18
74,2017-18,4856.07,-2913.64,-1456.82,485.61
74,2018-19,2536.83,-1522.1,-761.05,253.68
74,2019-20,1155.98,-693.59,-346.79,115.6
74,2020-21,1123.82,-674.29,-337.15,112.38
74,2021-22,2551.95,-1531.17,-765.58,255.2
74,2022-23,1640.1,-984.06,-492.03,164.01
74,2023-24,1093.41,-656.05,-328.02,109.34
75,2011-12,4024.85,-2414.91,-1207.45,402.49
75,2012-13,2834.09,-1700.45,-850.23,283.41
75,2013-14,2156.98,-1294.19,-647.09,215.7
75,2014-15,4600.33,-2760.2,-1380.1,460.03
75,2015-16,1464.56,-878.74,-439.37,146.45
75,2016-17,4823.68,-2894.21,-1447.1,482.37
75,2017-18,2255.87,-1353.52,-676.76,225.59
75,2018-19,4553.61,-2732.17,-1366.08,455.36
75,2019-20,3411.77,-2047.06,-1023.53,341.18
75,2020-21,4306.83,-2584.1,-1292.05,430.68
75,2021-22,4936.05,-2961.63,-1480.82,493.6
75,2022-23,2153.62,-1292.17,-646.09,215.36
75,2023-24,4844.54,-2906.72,-1453.36,484.46
76,2011-12,2557.93,-1534.76,-767.38,255.79
76,2012-13,2542.05,-1525.23,-762.62,254.2
76,2013-14,2361.55,-1416.93,-708.47,236.15
76,2014-15,3165.63,-1899.38,-949.69,316.56
76,2015-16,1616.58,-969.95,-484.97,161.66
76,2016-17,3214.85,-1928.91,-964.45,321.49
76,2017-18,3166.82,-1900.09,-950.05,316.68
76,2018-19,4047.61,-2428.57,-1214.28,404.76
76,2019-20,4334.6,-2600.76,-1300.38,433.46
76,2020-21,2761.77,-1657.06,-828.53,276.18
76,2021-22,2209.33,-1325.6,-662.8,220.93
76,2022-23,2037.34,-1222.4,-611.2,203.74
76,2023-24,1778.5,-1067.1,-533.55,177.85
77,2011-12,1230.59,-738.35,-369.18,123.06
77,2012-13,2369.79,-1421.87,-710.94,236.98
77,2013-14,2080.99,-1248.59,-624.3,208.1
77,2014-15,4865.67,-2919.4,-1459.7,486.57
77,2015-16,3230.84,-1938.5,-969.25,323.09
77,2016-17,2389.11,-1433.47,-716.73,238.91
77,2017-18,3321.87,-1993.12,-996.56,332.19
77,2018-19,1556.79,-934.07,-467.04,155.68
77,2019-20,2776.17,-1665.7,-832.85,277.62
77,2020-21,3504.94,-2102.96,-1051.48,350.5
77,2021-22,2955.59,-1773.35,-886.68,295.56
77,2022-23,2607.12,-1564.27,-782.14,260.71
77,2023-24,4975.39,-2985.23,-1492.62,497.54
78,2011-12,4521.26,-2712.76,-1356.38,452.12
78,2012-13,3493.62,-2096.17,-1048.09,349.36
78,2013-14,3277.51,-1966.51,-983.25,327.75
78,2014-15,3482.64,-2089.58,-1044.79,348.27
78,2015-16,1805.25,-1083.15,-541.57,180.53
78,2016-17,2580.55,-1548.33,-774.17,258.05
78,2017-18,1157.84,-694.7,-347.35,115.79
78,2018-19,2902.18,-1741.31,-870.65,290.22
78,2019-20,3172.1,-1903.26,-951.63,317.21
78,2020-21,1911.0,-1146.6,-573.3,191.1
78,2021-22,4856.12,-2913.67,-1456.84,485.61
78,2022-23,4637.82,-2782.69,-1391.35,463.78
78,2023-24,3888.57,-2333.14,-1166.57,388.86
79,2011-12,3133.55,-1880.13,-940.07,313.35
79,2012-13,4479.88,-2687.93,-1343.96,447.99
79,2013-14,1522.61,-913.57,-456.78,152.26
79,2014-15,4162.04,-2497.22,-1248.61,416.21
79,2015-16,1499.28,-899.57,-449.78,149.93
79,2016-17,4176.84,-2506.1,-1253.05,417.69
79,2017-18,2103.07,-1261.84,-630.92,210.31
79,2018-19,4508.36,-2705.02,-1352.51,450.83
79,2019-20,4776.17,-2865.7,-1432.85,477.62
79,2020-21,1595.18,-957.11,-478.55,159.52
79,2021-22,2850.7,-1710.42,-855.21,285.07
79,2022-23,4923.95,-2954.37,-1477.18,492.4
79,2023-24,2933.63,-1760.18,-880.09,293.36
80,2011-12,4454.19,-2672.51,-1336.26,445.42
80,2012-13,3354.93,-2012.96,-1006.48,335.49
80,2013-14,2501.32,-1500.79,-750.4,250.13
80,2014-15,2143.13,-1285.88,-642.94,214.31
80,2015-16,1812.89,-1087.73,-543.87,181.29
80,2016-17,4047.19,-2428.31,-1214.16,404.72
80,2017-18,2546.16,-1527.7,-763.85,254.61
80,2018-19,3045.1,-1827.06,-913.53,304.51
80,2019-20,2969.3,-1781.58,-890.79,296.93
80,2020-21,3309.12,-1985.47,-992.74,330.91
80,2021-22,4462.31,-2677.39,-1338.69,446.23
80,2022-23,4922.96,-2953.78,-1476.89,492.29
80,2023-24,2630.34,-1578.2,-789.1,263.04
81,2011-12,4310.08,-2586.05,-1293.02,431.01
81,2012-13,4058.11,-2434.87,-1217.43,405.81
81,2013-14,3294.12,-1976.47,-988.24,329.41
81,2014-15,4824.19,-2894.51,-1447.26,482.42
81,2015-16,1801.9,-1081.14,-540.57,180.19
81,2016-17,1437.06,-862.24,-431.12,143.7
81,2017-18,4415.85,-2649.51,-1324.76,441.58
81,2018-19,2756.6,-1653.96,-826.98,275.66
81,2019-20,4387.88,-2632.73,-1316.36,438.79
81,2020-21,4572.36,-2743.42,-1371.71,457.23
81,2021-22,1249.83,-749.9,-374.95,124.98
81,2022-23,4533.86,-2720.32,-1360.16,453.38
81,2023-24,2793.28,-1675.97,-837.98,279.33
82,2011-12,3041.73,-1825.04,-912.52,304.17
82,2012-13,3506.37,-2103.82,-1051.91,350.64
82,2013-14,4705.53,-2823.32,-1411.66,470.55
82,2014-15,1076.46,-645.88,-322.94,107.64
82,2015-16,2907.37,-1744.42,-872.21,290.74
82,2016-17,3750.89,-2250.53,-1125.27,375.09
82,2017-18,3890.83,-2334.5,-1167.25,389.08
82,2018-19,3770.13,-2262.08,-1131.04,377.01
82,2019-20,1537.74,-922.64,-461.32,153.78
82,2020-21,2197.58,-1318.55,-659.27,219.76
82,2021-22,2434.86,-1460.92,-730.46,243.48
82,2022-23,4217.75,-2530.65,-1265.33,421.77
82,2023-24,2115.04,-1269.02,-634.51,211.51
83,2011-12,1842.82,-1105.69,-552.85,184.28
83,2012-13,4829.79,-2897.87,-1448.94,482.98
83,2013-14,1035.45,-621.27,-310.63,103.55
83,2014-15,4991.28,-2994.77,-1497.38,499.13
83,2015-16,3707.29,-2224.37,-1112.19,370.73
83,2016-17,4313.88,-2588.33,-1294.16,431.39
83,2017-18,2178.48,-1307.09,-653.54,217.85
83,2018-19,1057.26,-634.36,-317.18,105.72
83,2019-20,3951.48,-2370.89,-1185.44,395.15
83,2020-21,4336.58,-2601.95,-1300.97,433.66
83,2021-22,3961.9,-2377.14,-1188.57,396.19
83,2022-23,1571.4,-942.84,-471.42,157.14
83,2023-24,4013.71,-2408.23,-1204.11,401.37
84,2012-13,4075.69,-2445.41,-1222.71,407.57
84,2013-14,3634.16,-2180.5,-1090.25,363.41
84,2014-15,4064.46,-2438.68,-1219.34,406.44
84,2015-16,4383.69,-2630.21,-1315.11,438.37
84,2016-17,3454.42,-2072.65,-1036.33,345.44
84,2017-18,1354.42,-812.65,-406.33,135.44
84,2018-19,2950.51,-1770.31,-885.15,295.05
84,2019-20,1310.6,-786.36,-393.18,131.06
84,2020-21,2630.17,-1578.1,-789.05,263.02
84,2021-22,2628.43,-1577.06,-788.53,262.84
84,2022-23,1264.04,-758.42,-379.21,126.41
84,2023-24,2395.28,-1437.17,-718.58,239.53
85,2012-13,1443.99,-866.39,-433.2,144.4
85,2013-14,4232.94,-2539.76,-1269.88,423.3
85,2014-15,4790.75,-2874.45,-1437.22,479.08
85,2015-16,1289.27,-773.56,-386.78,128.93
85,2016-17,4820.46,-2892.28,-1446.14,482.04
85,2017-18,3090.31,-1854.19,-927.09,309.03
85,2018-19,2198.26,-1318.96,-659.48,219.82
85,2019-20,1307.45,-784.47,-392.24,130.74
85,2020-21,3002.5,-1801.5,-900.75,300.25
85,2021-22,4178.06,-2506.84,-1253.42,417.8
85,2022-23,3828.35,-2297.01,-1148.5,382.84
85,2023-24,1200.9,-720.54,-360.27,120.09
86,2012-13,1291.61,-774.97,-387.48,129.16
86,2013-14,2611.49,-1566.89,-783.45,261.15
86,2014-15,2181.16,-1308.7,-654.35,218.11
86,2015-16,1929.54,-1157.72,-578.86,192.96
86,2016-17,2124.02,-1274.41,-637.21,212.4
86,2017-18,4213.93,-2528.36,-1264.18,421.39
86,2018-19,4716.91,-2830.15,-1415.07,471.69
86,2019-20,2620.41,-1572.25,-786.12,262.04
86,2020-21,4624.44,-2774.66,-1387.33,462.45
86,2021-22,2285.98,-1371.59,-685.79,228.6
86,2022-23,2905.75,-1743.45,-871.73,290.57
86,2023-24,1904.12,-1142.47,-571.24,190.41
87,2012-13,3561.9,-2137.14,-1068.57,356.19
87,2013-14,4915.92,-2949.55,-1474.78,491.59
87,2014-15,3413.97,-2048.38,-1024.19,341.4
87,2015-16,2431.26,-1458.76,-729.38,243.12
87,2016-17,3591.27,-2154.76,-1077.38,359.13
87,2017-18,1491.68,-895.01,-447.5,149.17
87,2018-19,4554.64,-2732.78,-1366.39,455.47
87,2019-20,3012.34,-1807.4,-903.7,301.24
87,2020-21,2797.4,-1678.44,-839.22,279.74
87,2021-22,3343.46,-2006.08,-1003.04,334.34
87,2022-23,3499.14,-2099.48,-1049.74,349.92
87,2023-24,1287.1,-772.26,-386.13,128.71
88,2012-13,3730.47,-2238.28,-1119.14,373.05
88,2013-14,1967.73,-1180.64,-590.32,196.77
88,2014-15,3855.81,-2313.49,-1156.74,385.58
88,2015-16,4290.14,-2574.08,-1287.04,429.02
88,2016-17,4215.83,-2529.5,-1264.75,421.58
88,2017-18,3210.0,-1926.0,-963.0,321.0
88,2018-19,3080.68,-1848.41,-924.2,308.07
88,2019-20,1571.5,-942.9,-471.45,157.15
88,2020-21,4101.38,-2460.83,-1230.41,410.14
88,2021-22,2085.64,-1251.38,-625.69,208.57
88,2022-23,2986.78,-1792.07,-896.03,298.68
88,2023-24,2137.1,-1282.26,-641.13,213.71
89,2012-13,1535.31,-921.19,-460.59,153.53
89,2013-14,3518.23,-2110.94,-1055.47,351.82
89,2014-15,1217.33,-730.4,-365.2,121.73
89,2015-16,3994.58,-2396.75,-1198.37,399.46
89,2016-17,2270.35,-1362.21,-681.1,227.04
89,2017-18,1000.54,-600.32,-300.16,100.06
89,2018-19,3044.52,-1826.71,-913.36,304.45
89,2019-20,1187.41,-712.45,-356.22,118.74
89,2020-21,2104.68,-1262.81,-631.4,210.47
89,2021-22,3827.91,-2296.75,-1148.37,382.79
89,2022-23,1250.76,-750.46,-375.23,125.07
89,2023-24,4357.35,-2614.41,-1307.21,435.73
90,2012-13,1015.28,-609.17,-304.58,101.53
90,2013-14,1987.3,-1192.38,-596.19,198.73
90,2014-15,3963.62,-2378.17,-1189.09,396.36
90,2015-16,2265.08,-1359.05,-679.52,226.51
90,2016-17,1407.57,-844.54,-422.27,140.76
90,2017-18,2440.94,-1464.56,-732.28,244.1
90,2018-19,2081.57,-1248.94,-624.47,208.16
90,2019-20,4370.85,-2622.51,-1311.26,437.08
90,2020-21,2253.39,-1352.03,-676.02,225.34
90,2021-22,4155.73,-2493.44,-1246.72,415.57
90,2022-23,4567.49,-2740.49,-1370.25,456.75
90,2023-24,2735.27,-1641.16,-820.58,273.53
91,2012-13,4639.77,-2783.86,-1391.93,463.98
91,2013-14,2509.27,-1505.56,-752.78,250.93
91,2014-15,4856.31,-2913.79,-1456.89,485.63
91,2015-16,1357.16,-814.3,-407.15,135.71
91,2016-17,3748.08,-2248.85,-1124.42,374.81
91,2017-18,2975.26,-1785.16,-892.58,297.52
91,2018-19,2550.6,-1530.36,-765.18,255.06
91,2019-20,3530.85,-2118.51,-1059.25,353.09
91,2020-21,3815.43,-2289.26,-1144.63,381.54
91,2021-22,1017.45,-610.47,-305.24,101.74
91,2022-23,1667.81,-1000.69,-500.34,166.78
91,2023-24,3852.18,-2311.31,-1155.65,385.22
92,2012-13,3665.54,-2199.32,-1099.66,366.56
92,2013-14,4864.19,-2918.51,-1459.26,486.42
92,2014-15,4044.15,-2426.49,-1213.24,404.42
92,2015-16,4803.09,-2881.85,-1440.93,480.31
92,2016-17,3810.16,-2286.1,-1143.05,381.01
92,2017-18,2192.21,-1315.33,-657.66,219.22
92,2018-19,1421.46,-852.88,-426.44,142.14
92,2019-20,4127.3,-2476.38,-1238.19,412.73
92,2020-21,3576.6,-2145.96,-1072.98,357.66
92,2021-22,1192.74,-715.64,-357.82,119.28
92,2022-23,2440.2,-1464.12,-732.06,244.02
92,2023-24,4827.2,-2896.32,-1448.16,482.72
