company_id,year,pe_ratio,pb_ratio,roe_pct,roce_pct,debt_to_equity
1,FY11,28.46,5.19,16.5,20.2,0.35
1,FY12,42.02,5.31,16.5,20.2,0.35
1,FY13,22.66,4.61,16.5,20.2,0.35
1,FY14,30.49,2.58,16.5,20.2,0.35
1,FY15,37.31,2.66,16.5,20.2,0.35
1,FY16,27.15,6.83,16.5,20.2,0.35
1,FY17,29.03,7.05,16.5,20.2,0.35
1,FY18,25.26,7.75,16.5,20.2,0.35
1,FY19,21.28,2.23,16.5,20.2,0.35
1,FY20,41.17,6.51,16.5,20.2,0.35
1,FY21,21.96,7.91,16.5,20.2,0.35
1,FY22,30.07,7.71,16.5,20.2,0.35
1,FY23,30.15,4.83,16.5,20.2,0.35
1,FY24,28.47,4.01,16.5,20.2,0.35
2,FY11,31.01,4.72,16.5,20.2,0.35
2,FY12,16.1,3.56,16.5,20.2,0.35
2,FY13,21.39,7.2,16.5,20.2,0.35
2,FY14,32.97,6.58,16.5,20.2,0.35
2,FY15,43.7,5.86,16.5,20.2,0.35
2,FY16,44.48,3.87,16.5,20.2,0.35
2,FY17,20.59,4.42,16.5,20.2,0.35
2,FY18,29.12,7.37,16.5,20.2,0.35
2,FY19,31.8,3.75,16.5,20.2,0.35
2,FY20,37.28,5.03,16.5,20.2,0.35
2,FY21,19.86,5.46,16.5,20.2,0.35
2,FY22,42.34,7.06,16.5,20.2,0.35
2,FY23,32.6,4.26,16.5,20.2,0.35
2,FY24,17.61,4.82,16.5,20.2,0.35
3,FY11,37.56,4.16,16.5,20.2,0.35
3,FY12,22.06,7.59,16.5,20.2,0.35
3,FY13,39.65,5.83,16.5,20.2,0.35
3,FY14,19.1,2.87,16.5,20.2,0.35
3,FY15,18.1,5.7,16.5,20.2,0.35
3,FY16,18.47,7.06,16.5,20.2,0.35
3,FY17,44.79,4.2,16.5,20.2,0.35
3,FY18,28.61,6.27,16.5,20.2,0.35
3,FY19,43.11,7.36,16.5,20.2,0.35
3,FY20,16.73,3.01,16.5,20.2,0.35
3,FY21,37.64,6.13,16.5,20.2,0.35
3,FY22,19.0,5.01,16.5,20.2,0.35
3,FY23,38.42,3.31,16.5,20.2,0.35
3,FY24,41.14,2.32,16.5,20.2,0.35
4,FY11,38.47,5.69,16.5,20.2,0.35
4,FY12,24.46,6.33,16.5,20.2,0.35
4,FY13,38.47,7.6,16.5,20.2,0.35
4,FY14,26.03,6.12,16.5,20.2,0.35
4,FY15,33.08,5.15,16.5,20.2,0.35
4,FY16,41.71,2.02,16.5,20.2,0.35
4,FY17,23.46,5.23,16.5,20.2,0.35
4,FY18,20.35,7.45,16.5,20.2,0.35
4,FY19,34.43,4.87,16.5,20.2,0.35
4,FY20,39.44,4.71,16.5,20.2,0.35
4,FY21,31.76,2.02,16.5,20.2,0.35
4,FY22,25.97,2.83,16.5,20.2,0.35
4,FY23,35.69,4.87,16.5,20.2,0.35
4,FY24,24.05,4.81,16.5,20.2,0.35
5,FY11,21.29,7.55,16.5,20.2,0.35
5,FY12,16.62,7.19,16.5,20.2,0.35
5,FY13,30.34,5.71,16.5,20.2,0.35
5,FY14,24.08,7.8,16.5,20.2,0.35
5,FY15,23.46,5.53,16.5,20.2,0.35
5,FY16,44.8,7.29,16.5,20.2,0.35
5,FY17,31.09,7.94,16.5,20.2,0.35
5,FY18,36.04,3.25,16.5,20.2,0.35
5,FY19,27.17,4.01,16.5,20.2,0.35
5,FY20,25.32,6.56,16.5,20.2,0.35
5,FY21,32.53,2.23,16.5,20.2,0.35
5,FY22,41.32,3.78,16.5,20.2,0.35
5,FY23,44.91,7.73,16.5,20.2,0.35
5,FY24,43.22,6.87,16.5,20.2,0.35
6,FY11,21.62,5.2,16.5,20.2,0.35
6,FY12,21.73,3.56,16.5,20.2,0.35
6,FY13,33.33,2.25,16.5,20.2,0.35
6,FY14,44.08,7.51,16.5,20.2,0.35
6,FY15,26.42,5.09,16.5,20.2,0.35
6,FY16,28.98,7.29,16.5,20.2,0.35
6,FY17,35.66,3.67,16.5,20.2,0.35
6,FY18,28.41,4.57,16.5,20.2,0.35
6,FY19,43.78,3.05,16.5,20.2,0.35
6,FY20,17.69,7.28,16.5,20.2,0.35
6,FY21,41.9,7.23,16.5,20.2,0.35
6,FY22,30.33,5.96,16.5,20.2,0.35
6,FY23,31.9,2.42,16.5,20.2,0.35
6,FY24,32.88,2.08,16.5,20.2,0.35
7,FY11,24.75,7.59,16.5,20.2,0.35
7,FY12,24.12,7.64,16.5,20.2,0.35
7,FY13,22.5,3.89,16.5,20.2,0.35
7,FY14,33.85,6.57,16.5,20.2,0.35
7,FY15,30.04,7.29,16.5,20.2,0.35
7,FY16,16.21,7.53,16.5,20.2,0.35
7,FY17,20.89,7.31,16.5,20.2,0.35
7,FY18,27.03,7.0,16.5,20.2,0.35
7,FY19,35.15,3.06,16.5,20.2,0.35
7,FY20,42.54,3.47,16.5,20.2,0.35
7,FY21,22.32,6.89,16.5,20.2,0.35
7,FY22,18.18,3.33,16.5,20.2,0.35
7,FY23,30.11,6.98,16.5,20.2,0.35
7,FY24,19.42,5.29,16.5,20.2,0.35
8,FY11,36.34,7.16,16.5,20.2,0.35
8,FY12,43.07,6.71,16.5,20.2,0.35
8,FY13,34.58,4.6,16.5,20.2,0.35
8,FY14,18.36,6.26,16.5,20.2,0.35
8,FY15,44.78,6.42,16.5,20.2,0.35
8,FY16,15.5,4.98,16.5,20.2,0.35
8,FY17,33.44,6.14,16.5,20.2,0.35
8,FY18,36.59,5.35,16.5,20.2,0.35
8,FY19,21.7,7.65,16.5,20.2,0.35
8,FY20,35.9,3.42,16.5,20.2,0.35
8,FY21,24.67,7.53,16.5,20.2,0.35
8,FY22,41.62,4.43,16.5,20.2,0.35
8,FY23,16.15,2.29,16.5,20.2,0.35
8,FY24,23.52,5.77,16.5,20.2,0.35
9,FY11,32.53,5.8,16.5,20.2,0.35
9,FY12,36.52,2.11,16.5,20.2,0.35
9,FY13,18.15,4.16,16.5,20.2,0.35
9,FY14,19.65,2.45,16.5,20.2,0.35
9,FY15,34.23,6.89,16.5,20.2,0.35
9,FY16,37.58,6.9,16.5,20.2,0.35
9,FY17,34.98,6.41,16.5,20.2,0.35
9,FY18,23.15,7.96,16.5,20.2,0.35
9,FY19,20.49,3.29,16.5,20.2,0.35
9,FY20,23.67,7.85,16.5,20.2,0.35
9,FY21,44.65,6.77,16.5,20.2,0.35
9,FY22,33.87,5.12,16.5,20.2,0.35
9,FY23,44.12,6.17,16.5,20.2,0.35
9,FY24,43.34,3.9,16.5,20.2,0.35
10,FY11,25.01,7.13,16.5,20.2,0.35
10,FY12,19.5,7.68,16.5,20.2,0.35
10,FY13,30.22,7.56,16.5,20.2,0.35
10,FY14,25.1,6.3,16.5,20.2,0.35
10,FY15,29.49,5.76,16.5,20.2,0.35
10,FY16,30.13,7.8,16.5,20.2,0.35
10,FY17,35.76,3.51,16.5,20.2,0.35
10,FY18,42.29,3.76,16.5,20.2,0.35
10,FY19,26.15,2.61,16.5,20.2,0.35
10,FY20,42.0,3.72,16.5,20.2,0.35
10,FY21,22.77,7.52,16.5,20.2,0.35
10,FY22,39.17,2.85,16.5,20.2,0.35
10,FY23,38.08,7.48,16.5,20.2,0.35
10,FY24,17.36,6.95,16.5,20.2,0.35
11,FY11,31.42,6.02,16.5,20.2,0.35
11,FY12,29.79,6.19,16.5,20.2,0.35
11,FY13,16.02,6.58,16.5,20.2,0.35
11,FY14,16.0,4.73,16.5,20.2,0.35
11,FY15,19.53,6.94,16.5,20.2,0.35
11,FY16,24.41,4.72,16.5,20.2,0.35
11,FY17,27.86,6.64,16.5,20.2,0.35
11,FY18,29.43,6.73,16.5,20.2,0.35
11,FY19,17.21,3.15,16.5,20.2,0.35
11,FY20,31.55,7.68,16.5,20.2,0.35
11,FY21,17.24,2.26,16.5,20.2,0.35
11,FY22,19.7,5.85,16.5,20.2,0.35
11,FY23,26.97,6.95,16.5,20.2,0.35
11,FY24,17.16,3.18,16.5,20.2,0.35
12,FY11,24.0,5.76,16.5,20.2,0.35
12,FY12,35.56,2.75,16.5,20.2,0.35
12,FY13,43.31,4.05,16.5,20.2,0.35
12,FY14,36.4,5.15,16.5,20.2,0.35
12,FY15,21.68,7.08,16.5,20.2,0.35
12,FY16,39.55,4.38,16.5,20.2,0.35
12,FY17,32.66,3.55,16.5,20.2,0.35
12,FY18,35.7,3.85,16.5,20.2,0.35
12,FY19,40.32,3.3,16.5,20.2,0.35
12,FY20,15.44,3.61,16.5,20.2,0.35
12,FY21,20.73,5.05,16.5,20.2,0.35
12,FY22,21.11,6.58,16.5,20.2,0.35
12,FY23,22.24,6.24,16.5,20.2,0.35
12,FY24,32.35,7.92,16.5,20.2,0.35
13,FY11,45.0,7.22,16.5,20.2,0.35
13,FY12,37.8,4.32,16.5,20.2,0.35
13,FY13,37.6,7.74,16.5,20.2,0.35
13,FY14,15.7,5.23,16.5,20.2,0.35
13,FY15,21.54,5.35,16.5,20.2,0.35
13,FY16,28.99,5.45,16.5,20.2,0.35
13,FY17,31.53,7.76,16.5,20.2,0.35
13,FY18,31.57,7.08,16.5,20.2,0.35
13,FY19,24.59,4.63,16.5,20.2,0.35
13,FY20,29.11,3.67,16.5,20.2,0.35
13,FY21,26.39,5.59,16.5,20.2,0.35
13,FY22,32.41,5.82,16.5,20.2,0.35
13,FY23,25.55,3.89,16.5,20.2,0.35
13,FY24,33.35,2.8,16.5,20.2,0.35
14,FY11,22.59,2.25,16.5,20.2,0.35
14,FY12,17.18,3.46,16.5,20.2,0.35
14,FY13,15.59,3.47,16.5,20.2,0.35
14,FY14,34.65,2.37,16.5,20.2,0.35
14,FY15,28.1,7.48,16.5,20.2,0.35
14,FY16,38.74,3.83,16.5,20.2,0.35
14,FY17,42.74,3.98,16.5,20.2,0.35
14,FY18,17.18,7.96,16.5,20.2,0.35
14,FY19,41.1,4.8,16.5,20.2,0.35
14,FY20,34.99,6.03,16.5,20.2,0.35
14,FY21,20.83,3.2,16.5,20.2,0.35
14,FY22,29.09,7.47,16.5,20.2,0.35
14,FY23,15.3,6.7,16.5,20.2,0.35
14,FY24,16.73,4.87,16.5,20.2,0.35
15,FY11,34.14,6.12,16.5,20.2,0.35
15,FY12,16.75,4.51,16.5,20.2,0.35
15,FY13,32.52,2.4,16.5,20.2,0.35
15,FY14,19.05,5.98,16.5,20.2,0.35
15,FY15,30.65,2.97,16.5,20.2,0.35
15,FY16,31.06,7.48,16.5,20.2,0.35
15,FY17,15.47,5.86,16.5,20.2,0.35
15,FY18,17.21,2.04,16.5,20.2,0.35
15,FY19,19.52,4.54,16.5,20.2,0.35
15,FY20,39.07,3.69,16.5,20.2,0.35
15,FY21,33.77,4.47,16.5,20.2,0.35
15,FY22,22.03,5.09,16.5,20.2,0.35
15,FY23,38.92,6.99,16.5,20.2,0.35
15,FY24,40.4,4.03,16.5,20.2,0.35
16,FY11,38.8,3.27,16.5,20.2,0.35
16,FY12,37.15,7.69,16.5,20.2,0.35
16,FY13,15.41,4.64,16.5,20.2,0.35
16,FY14,34.43,6.21,16.5,20.2,0.35
16,FY15,20.28,7.83,16.5,20.2,0.35
16,FY16,33.46,2.99,16.5,20.2,0.35
16,FY17,15.62,6.7,16.5,20.2,0.35
16,FY18,17.39,2.85,16.5,20.2,0.35
16,FY19,32.24,5.62,16.5,20.2,0.35
16,FY20,35.61,4.36,16.5,20.2,0.35
16,FY21,38.22,7.85,16.5,20.2,0.35
16,FY22,23.13,6.22,16.5,20.2,0.35
16,FY23,42.85,6.12,16.5,20.2,0.35
16,FY24,35.43,3.34,16.5,20.2,0.35
17,FY11,31.05,5.38,16.5,20.2,0.35
17,FY12,36.0,7.98,16.5,20.2,0.35
17,FY13,16.01,2.39,16.5,20.2,0.35
17,FY14,17.34,6.46,16.5,20.2,0.35
17,FY15,19.09,5.73,16.5,20.2,0.35
17,FY16,24.74,4.74,16.5,20.2,0.35
17,FY17,21.47,7.2,16.5,20.2,0.35
17,FY18,32.58,7.67,16.5,20.2,0.35
17,FY19,32.24,2.74,16.5,20.2,0.35
17,FY20,20.13,7.93,16.5,20.2,0.35
17,FY21,36.77,2.3,16.5,20.2,0.35
17,FY22,36.11,4.47,16.5,20.2,0.35
17,FY23,24.22,2.92,16.5,20.2,0.35
17,FY24,40.2,2.38,16.5,20.2,0.35
18,FY11,23.7,3.84,16.5,20.2,0.35
18,FY12,19.83,5.05,16.5,20.2,0.35
18,FY13,15.35,3.81,16.5,20.2,0.35
18,FY14,43.01,3.86,16.5,20.2,0.35
18,FY15,25.81,4.84,16.5,20.2,0.35
18,FY16,31.85,6.85,16.5,20.2,0.35
18,FY17,20.71,7.23,16.5,20.2,0.35
18,FY18,37.73,6.34,16.5,20.2,0.35
18,FY19,17.6,2.13,16.5,20.2,0.35
18,FY20,32.82,7.18,16.5,20.2,0.35
18,FY21,32.53,3.28,16.5,20.2,0.35
18,FY22,17.72,6.2,16.5,20.2,0.35
18,FY23,36.65,3.04,16.5,20.2,0.35
18,FY24,15.85,4.45,16.5,20.2,0.35
19,FY11,32.48,6.24,16.5,20.2,0.35
19,FY12,39.3,5.66,16.5,20.2,0.35
19,FY13,18.33,6.1,16.5,20.2,0.35
19,FY14,44.53,7.43,16.5,20.2,0.35
19,FY15,41.15,3.81,16.5,20.2,0.35
19,FY16,37.52,7.11,16.5,20.2,0.35
19,FY17,35.35,3.5,16.5,20.2,0.35
19,FY18,43.62,4.7,16.5,20.2,0.35
19,FY19,18.89,2.66,16.5,20.2,0.35
19,FY20,34.43,4.63,16.5,20.2,0.35
19,FY21,17.83,6.44,16.5,20.2,0.35
19,FY22,38.98,6.35,16.5,20.2,0.35
19,FY23,21.07,6.14,16.5,20.2,0.35
19,FY24,15.32,3.83,16.5,20.2,0.35
20,FY11,26.96,7.01,16.5,20.2,0.35
20,FY12,26.71,2.07,16.5,20.2,0.35
20,FY13,25.57,4.99,16.5,20.2,0.35
20,FY14,43.47,7.65,16.5,20.2,0.35
20,FY15,20.43,3.11,16.5,20.2,0.35
20,FY16,19.9,6.73,16.5,20.2,0.35
20,FY17,15.18,2.76,16.5,20.2,0.35
20,FY18,31.14,3.49,16.5,20.2,0.35
20,FY19,17.77,4.16,16.5,20.2,0.35
20,FY20,23.23,5.07,16.5,20.2,0.35
20,FY21,44.38,2.75,16.5,20.2,0.35
20,FY22,26.18,7.59,16.5,20.2,0.35
20,FY23,41.31,4.37,16.5,20.2,0.35
20,FY24,35.97,2.53,16.5,20.2,0.35
21,FY11,36.38,7.84,16.5,20.2,0.35
21,FY12,31.12,4.99,16.5,20.2,0.35
21,FY13,20.62,5.8,16.5,20.2,0.35
21,FY14,32.71,5.91,16.5,20.2,0.35
21,FY15,15.78,5.29,16.5,20.2,0.35
21,FY16,32.85,3.25,16.5,20.2,0.35
21,FY17,21.25,3.66,16.5,20.2,0.35
21,FY18,36.35,5.64,16.5,20.2,0.35
21,FY19,40.37,3.77,16.5,20.2,0.35
21,FY20,42.36,6.46,16.5,20.2,0.35
21,FY21,26.85,2.57,16.5,20.2,0.35
21,FY22,22.71,7.74,16.5,20.2,0.35
21,FY23,24.31,3.98,16.5,20.2,0.35
21,FY24,20.69,6.84,16.5,20.2,0.35
22,FY11,23.27,3.98,16.5,20.2,0.35
22,FY12,27.43,4.6,16.5,20.2,0.35
22,FY13,27.34,5.02,16.5,20.2,0.35
22,FY14,39.44,6.92,16.5,20.2,0.35
22,FY15,38.95,2.61,16.5,20.2,0.35
22,FY16,38.99,2.72,16.5,20.2,0.35
22,FY17,18.74,7.69,16.5,20.2,0.35
22,FY18,39.58,5.31,16.5,20.2,0.35
22,FY19,41.25,7.94,16.5,20.2,0.35
22,FY20,33.32,5.68,16.5,20.2,0.35
22,FY21,37.63,3.39,16.5,20.2,0.35
22,FY22,20.01,6.56,16.5,20.2,0.35
22,FY23,25.35,2.81,16.5,20.2,0.35
22,FY24,24.45,4.15,16.5,20.2,0.35
23,FY11,43.96,6.19,16.5,20.2,0.35
23,FY12,30.93,7.81,16.5,20.2,0.35
23,FY13,42.09,5.07,16.5,20.2,0.35
23,FY14,42.17,4.43,16.5,20.2,0.35
23,FY15,21.91,3.4,16.5,20.2,0.35
23,FY16,34.87,5.01,16.5,20.2,0.35
23,FY17,34.77,6.12,16.5,20.2,0.35
23,FY18,15.67,2.32,16.5,20.2,0.35
23,FY19,30.98,3.15,16.5,20.2,0.35
23,FY20,33.98,5.31,16.5,20.2,0.35
23,FY21,32.57,3.81,16.5,20.2,0.35
23,FY22,34.2,6.98,16.5,20.2,0.35
23,FY23,44.94,7.03,16.5,20.2,0.35
23,FY24,31.72,3.16,16.5,20.2,0.35
24,FY11,35.44,7.63,16.5,20.2,0.35
24,FY12,21.36,3.54,16.5,20.2,0.35
24,FY13,19.47,6.42,16.5,20.2,0.35
24,FY14,27.2,2.38,16.5,20.2,0.35
24,FY15,41.25,5.35,16.5,20.2,0.35
24,FY16,24.93,4.06,16.5,20.2,0.35
24,FY17,23.71,4.73,16.5,20.2,0.35
24,FY18,25.11,5.29,16.5,20.2,0.35
24,FY19,38.21,6.05,16.5,20.2,0.35
24,FY20,23.83,5.17,16.5,20.2,0.35
24,FY21,40.2,2.41,16.5,20.2,0.35
24,FY22,17.35,5.34,16.5,20.2,0.35
24,FY23,34.17,3.27,16.5,20.2,0.35
24,FY24,37.36,5.88,16.5,20.2,0.35
25,FY11,42.7,3.01,16.5,20.2,0.35
25,FY12,37.54,2.5,16.5,20.2,0.35
25,FY13,31.96,5.31,16.5,20.2,0.35
25,FY14,26.65,7.07,16.5,20.2,0.35
25,FY15,15.13,5.12,16.5,20.2,0.35
25,FY16,21.51,6.46,16.5,20.2,0.35
25,FY17,16.29,6.99,16.5,20.2,0.35
25,FY18,40.14,7.0,16.5,20.2,0.35
25,FY19,19.58,5.78,16.5,20.2,0.35
25,FY20,15.43,7.09,16.5,20.2,0.35
25,FY21,36.69,5.19,16.5,20.2,0.35
25,FY22,36.92,2.57,16.5,20.2,0.35
25,FY23,30.86,3.75,16.5,20.2,0.35
25,FY24,44.18,7.14,16.5,20.2,0.35
26,FY11,37.0,7.6,16.5,20.2,0.35
26,FY12,25.41,7.41,16.5,20.2,0.35
26,FY13,24.76,6.4,16.5,20.2,0.35
26,FY14,37.09,2.11,16.5,20.2,0.35
26,FY15,25.83,2.12,16.5,20.2,0.35
26,FY16,44.91,2.73,16.5,20.2,0.35
26,FY17,31.28,6.74,16.5,20.2,0.35
26,FY18,21.04,4.91,16.5,20.2,0.35
26,FY19,33.22,2.96,16.5,20.2,0.35
26,FY20,38.36,3.8,16.5,20.2,0.35
26,FY21,21.33,5.35,16.5,20.2,0.35
26,FY22,27.31,7.52,16.5,20.2,0.35
26,FY23,41.4,4.9,16.5,20.2,0.35
26,FY24,25.78,3.95,16.5,20.2,0.35
27,FY11,23.03,5.27,16.5,20.2,0.35
27,FY12,39.15,3.86,16.5,20.2,0.35
27,FY13,20.7,4.85,16.5,20.2,0.35
27,FY14,17.07,6.21,16.5,20.2,0.35
27,FY15,30.55,4.98,16.5,20.2,0.35
27,FY16,24.01,7.43,16.5,20.2,0.35
27,FY17,17.71,7.22,16.5,20.2,0.35
27,FY18,26.3,7.28,16.5,20.2,0.35
27,FY19,36.86,2.63,16.5,20.2,0.35
27,FY20,39.95,6.09,16.5,20.2,0.35
27,FY21,15.97,2.8,16.5,20.2,0.35
27,FY22,34.07,5.98,16.5,20.2,0.35
27,FY23,37.4,6.32,16.5,20.2,0.35
27,FY24,34.79,6.6,16.5,20.2,0.35
28,FY11,32.25,3.56,16.5,20.2,0.35
28,FY12,42.37,2.11,16.5,20.2,0.35
28,FY13,26.0,6.37,16.5,20.2,0.35
28,FY14,27.81,2.15,16.5,20.2,0.35
28,FY15,16.98,5.89,16.5,20.2,0.35
28,FY16,43.95,5.31,16.5,20.2,0.35
28,FY17,30.2,3.91,16.5,20.2,0.35
28,FY18,22.7,2.13,16.5,20.2,0.35
28,FY19,23.19,4.69,16.5,20.2,0.35
28,FY20,20.94,2.52,16.5,20.2,0.35
28,FY21,36.53,7.37,16.5,20.2,0.35
28,FY22,43.1,5.71,16.5,20.2,0.35
28,FY23,16.58,6.45,16.5,20.2,0.35
28,FY24,18.3,6.02,16.5,20.2,0.35
29,FY11,38.38,6.36,16.5,20.2,0.35
29,FY12,43.56,6.43,16.5,20.2,0.35
29,FY13,35.8,3.57,16.5,20.2,0.35
29,FY14,42.74,3.08,16.5,20.2,0.35
29,FY15,42.15,3.88,16.5,20.2,0.35
29,FY16,18.9,6.96,16.5,20.2,0.35
29,FY17,15.07,6.99,16.5,20.2,0.35
29,FY18,22.87,7.31,16.5,20.2,0.35
29,FY19,35.74,6.0,16.5,20.2,0.35
29,FY20,25.96,2.36,16.5,20.2,0.35
29,FY21,39.9,3.03,16.5,20.2,0.35
29,FY22,26.17,5.6,16.5,20.2,0.35
29,FY23,29.47,3.19,16.5,20.2,0.35
29,FY24,19.22,2.74,16.5,20.2,0.35
30,FY11,40.89,2.19,16.5,20.2,0.35
30,FY12,44.31,3.19,16.5,20.2,0.35
30,FY13,18.31,5.46,16.5,20.2,0.35
30,FY14,17.4,5.61,16.5,20.2,0.35
30,FY15,40.52,2.29,16.5,20.2,0.35
30,FY16,39.0,4.37,16.5,20.2,0.35
30,FY17,19.78,3.06,16.5,20.2,0.35
30,FY18,42.56,2.66,16.5,20.2,0.35
30,FY19,41.0,5.27,16.5,20.2,0.35
30,FY20,16.17,4.79,16.5,20.2,0.35
30,FY21,39.52,6.36,16.5,20.2,0.35
30,FY22,29.66,7.16,16.5,20.2,0.35
30,FY23,18.61,7.46,16.5,20.2,0.35
30,FY24,40.39,6.25,16.5,20.2,0.35
31,FY11,39.54,5.26,16.5,20.2,0.35
31,FY12,35.25,5.36,16.5,20.2,0.35
31,FY13,25.66,5.41,16.5,20.2,0.35
31,FY14,22.72,4.64,16.5,20.2,0.35
31,FY15,23.42,2.74,16.5,20.2,0.35
31,FY16,24.66,7.11,16.5,20.2,0.35
31,FY17,26.43,6.49,16.5,20.2,0.35
31,FY18,20.26,4.55,16.5,20.2,0.35
31,FY19,18.45,2.83,16.5,20.2,0.35
31,FY20,33.52,5.64,16.5,20.2,0.35
31,FY21,21.4,4.85,16.5,20.2,0.35
31,FY22,40.9,3.05,16.5,20.2,0.35
31,FY23,15.58,5.91,16.5,20.2,0.35
31,FY24,16.6,7.88,16.5,20.2,0.35
32,FY11,33.29,4.82,16.5,20.2,0.35
32,FY12,27.9,5.44,16.5,20.2,0.35
32,FY13,17.72,7.58,16.5,20.2,0.35
32,FY14,33.77,3.1,16.5,20.2,0.35
32,FY15,31.88,2.8,16.5,20.2,0.35
32,FY16,15.53,5.78,16.5,20.2,0.35
32,FY17,34.45,5.5,16.5,20.2,0.35
32,FY18,20.5,5.62,16.5,20.2,0.35
32,FY19,16.7,5.66,16.5,20.2,0.35
32,FY20,31.62,5.93,16.5,20.2,0.35
32,FY21,41.86,7.1,16.5,20.2,0.35
32,FY22,44.42,7.86,16.5,20.2,0.35
32,FY23,38.17,7.74,16.5,20.2,0.35
32,FY24,41.02,6.37,16.5,20.2,0.35
33,FY11,17.26,2.29,16.5,20.2,0.35
33,FY12,40.13,4.94,16.5,20.2,0.35
33,FY13,39.44,3.88,16.5,20.2,0.35
33,FY14,26.93,6.2,16.5,20.2,0.35
33,FY15,42.46,2.53,16.5,20.2,0.35
33,FY16,40.84,6.76,16.5,20.2,0.35
33,FY17,24.47,4.13,16.5,20.2,0.35
33,FY18,16.39,2.09,16.5,20.2,0.35
33,FY19,29.31,2.57,16.5,20.2,0.35
33,FY20,20.82,7.08,16.5,20.2,0.35
33,FY21,32.13,5.8,16.5,20.2,0.35
33,FY22,20.62,6.97,16.5,20.2,0.35
33,FY23,41.04,5.14,16.5,20.2,0.35
33,FY24,42.38,7.07,16.5,20.2,0.35
34,FY11,36.94,6.4,16.5,20.2,0.35
34,FY12,18.16,3.63,16.5,20.2,0.35
34,FY13,17.01,2.05,16.5,20.2,0.35
34,FY14,19.75,7.28,16.5,20.2,0.35
34,FY15,22.2,7.82,16.5,20.2,0.35
34,FY16,32.92,3.42,16.5,20.2,0.35
34,FY17,29.91,3.31,16.5,20.2,0.35
34,FY18,44.52,7.08,16.5,20.2,0.35
34,FY19,15.79,7.69,16.5,20.2,0.35
34,FY20,36.63,2.49,16.5,20.2,0.35
34,FY21,35.12,5.88,16.5,20.2,0.35
34,FY22,21.56,6.55,16.5,20.2,0.35
34,FY23,17.61,4.94,16.5,20.2,0.35
34,FY24,15.3,7.81,16.5,20.2,0.35
35,FY11,37.55,2.95,16.5,20.2,0.35
35,FY12,25.25,2.96,16.5,20.2,0.35
35,FY13,38.0,2.35,16.5,20.2,0.35
35,FY14,40.21,7.65,16.5,20.2,0.35
35,FY15,35.3,3.28,16.5,20.2,0.35
35,FY16,25.8,4.86,16.5,20.2,0.35
35,FY17,33.14,6.01,16.5,20.2,0.35
35,FY18,31.63,4.11,16.5,20.2,0.35
35,FY19,41.73,2.49,16.5,20.2,0.35
35,FY20,28.99,6.65,16.5,20.2,0.35
35,FY21,16.83,6.23,16.5,20.2,0.35
35,FY22,39.59,5.96,16.5,20.2,0.35
35,FY23,15.39,3.08,16.5,20.2,0.35
35,FY24,25.26,3.4,16.5,20.2,0.35
36,FY11,43.88,5.91,16.5,20.2,0.35
36,FY12,23.91,7.58,16.5,20.2,0.35
36,FY13,37.22,3.71,16.5,20.2,0.35
36,FY14,26.37,3.2,16.5,20.2,0.35
36,FY15,44.13,5.1,16.5,20.2,0.35
36,FY16,41.88,4.08,16.5,20.2,0.35
36,FY17,40.83,2.32,16.5,20.2,0.35
36,FY18,44.46,7.47,16.5,20.2,0.35
36,FY19,25.9,6.65,16.5,20.2,0.35
36,FY20,37.57,7.41,16.5,20.2,0.35
36,FY21,24.22,4.79,16.5,20.2,0.35
36,FY22,40.95,6.67,16.5,20.2,0.35
36,FY23,26.8,7.07,16.5,20.2,0.35
36,FY24,16.41,6.69,16.5,20.2,0.35
37,FY11,21.2,3.72,16.5,20.2,0.35
37,FY12,29.8,4.7,16.5,20.2,0.35
37,FY13,30.62,5.27,16.5,20.2,0.35
37,FY14,24.95,3.05,16.5,20.2,0.35
37,FY15,38.05,4.4,16.5,20.2,0.35
37,FY16,30.18,5.87,16.5,20.2,0.35
37,FY17,42.29,6.25,16.5,20.2,0.35
37,FY18,16.36,7.03,16.5,20.2,0.35
37,FY19,44.68,4.83,16.5,20.2,0.35
37,FY20,44.09,5.28,16.5,20.2,0.35
37,FY21,28.79,3.99,16.5,20.2,0.35
37,FY22,34.73,3.38,16.5,20.2,0.35
37,FY23,18.15,2.16,16.5,20.2,0.35
37,FY24,23.77,4.37,16.5,20.2,0.35
38,FY11,31.56,3.76,16.5,20.2,0.35
38,FY12,44.52,3.75,16.5,20.2,0.35
38,FY13,28.23,2.62,16.5,20.2,0.35
38,FY14,22.82,2.29,16.5,20.2,0.35
38,FY15,31.79,6.51,16.5,20.2,0.35
38,FY16,20.87,4.21,16.5,20.2,0.35
38,FY17,15.5,7.04,16.5,20.2,0.35
38,FY18,38.4,2.38,16.5,20.2,0.35
38,FY19,25.95,7.73,16.5,20.2,0.35
38,FY20,26.76,5.16,16.5,20.2,0.35
38,FY21,25.66,5.58,16.5,20.2,0.35
38,FY22,44.34,7.99,16.5,20.2,0.35
38,FY23,38.24,4.43,16.5,20.2,0.35
38,FY24,29.83,4.14,16.5,20.2,0.35
39,FY11,44.57,6.25,16.5,20.2,0.35
39,FY12,28.47,2.07,16.5,20.2,0.35
39,FY13,30.61,7.9,16.5,20.2,0.35
39,FY14,30.69,3.09,16.5,20.2,0.35
39,FY15,15.66,4.13,16.5,20.2,0.35
39,FY16,42.55,7.98,16.5,20.2,0.35
39,FY17,43.36,6.38,16.5,20.2,0.35
39,FY18,31.74,5.54,16.5,20.2,0.35
39,FY19,31.17,6.24,16.5,20.2,0.35
39,FY20,27.57,6.02,16.5,20.2,0.35
39,FY21,18.65,3.59,16.5,20.2,0.35
39,FY22,40.08,7.42,16.5,20.2,0.35
39,FY23,31.17,2.19,16.5,20.2,0.35
39,FY24,42.81,6.21,16.5,20.2,0.35
40,FY11,27.42,5.59,16.5,20.2,0.35
40,FY12,27.89,4.79,16.5,20.2,0.35
40,FY13,41.6,2.97,16.5,20.2,0.35
40,FY14,18.11,2.02,16.5,20.2,0.35
40,FY15,24.42,2.88,16.5,20.2,0.35
40,FY16,21.6,2.07,16.5,20.2,0.35
40,FY17,21.82,4.0,16.5,20.2,0.35
40,FY18,15.95,5.65,16.5,20.2,0.35
40,FY19,32.06,2.58,16.5,20.2,0.35
40,FY20,32.85,7.99,16.5,20.2,0.35
40,FY21,43.33,2.02,16.5,20.2,0.35
40,FY22,38.86,4.12,16.5,20.2,0.35
40,FY23,16.91,3.78,16.5,20.2,0.35
40,FY24,24.65,5.14,16.5,20.2,0.35
41,FY11,34.83,6.49,16.5,20.2,0.35
41,FY12,22.38,3.93,16.5,20.2,0.35
41,FY13,24.25,4.18,16.5,20.2,0.35
41,FY14,44.99,6.67,16.5,20.2,0.35
41,FY15,44.25,6.16,16.5,20.2,0.35
41,FY16,27.19,4.34,16.5,20.2,0.35
41,FY17,29.66,4.5,16.5,20.2,0.35
41,FY18,39.85,4.79,16.5,20.2,0.35
41,FY19,23.87,6.65,16.5,20.2,0.35
41,FY20,40.63,4.52,16.5,20.2,0.35
41,FY21,35.03,2.35,16.5,20.2,0.35
41,FY22,30.88,2.27,16.5,20.2,0.35
41,FY23,15.88,5.68,16.5,20.2,0.35
41,FY24,24.1,6.46,16.5,20.2,0.35
42,FY11,41.88,2.84,16.5,20.2,0.35
42,FY12,36.74,5.09,16.5,20.2,0.35
42,FY13,18.36,5.91,16.5,20.2,0.35
42,FY14,33.28,5.09,16.5,20.2,0.35
42,FY15,42.79,5.13,16.5,20.2,0.35
42,FY16,44.72,5.06,16.5,20.2,0.35
42,FY17,18.48,4.82,16.5,20.2,0.35
42,FY18,20.47,5.58,16.5,20.2,0.35
42,FY19,35.79,4.81,16.5,20.2,0.35
42,FY20,17.93,4.81,16.5,20.2,0.35
42,FY21,17.44,6.09,16.5,20.2,0.35
42,FY22,38.71,7.77,16.5,20.2,0.35
42,FY23,19.46,5.19,16.5,20.2,0.35
42,FY24,32.03,7.53,16.5,20.2,0.35
43,FY11,33.82,2.87,16.5,20.2,0.35
43,FY12,28.09,5.93,16.5,20.2,0.35
43,FY13,36.01,7.18,16.5,20.2,0.35
43,FY14,20.42,7.71,16.5,20.2,0.35
43,FY15,16.77,7.9,16.5,20.2,0.35
43,FY16,40.73,5.96,16.5,20.2,0.35
43,FY17,37.05,2.44,16.5,20.2,0.35
43,FY18,16.24,2.61,16.5,20.2,0.35
43,FY19,17.62,5.28,16.5,20.2,0.35
43,FY20,21.46,7.16,16.5,20.2,0.35
43,FY21,28.37,6.17,16.5,20.2,0.35
43,FY22,34.59,3.92,16.5,20.2,0.35
43,FY23,22.3,4.05,16.5,20.2,0.35
43,FY24,38.9,5.52,16.5,20.2,0.35
44,FY11,22.61,6.91,16.5,20.2,0.35
44,FY12,16.64,6.2,16.5,20.2,0.35
44,FY13,28.17,6.39,16.5,20.2,0.35
44,FY14,42.82,6.5,16.5,20.2,0.35
44,FY15,28.26,2.91,16.5,20.2,0.35
44,FY16,39.19,4.76,16.5,20.2,0.35
44,FY17,17.26,6.31,16.5,20.2,0.35
44,FY18,23.76,2.29,16.5,20.2,0.35
44,FY19,42.08,4.9,16.5,20.2,0.35
44,FY20,23.43,6.3,16.5,20.2,0.35
44,FY21,41.58,2.0,16.5,20.2,0.35
44,FY22,35.64,6.6,16.5,20.2,0.35
44,FY23,21.3,4.94,16.5,20.2,0.35
44,FY24,17.68,6.48,16.5,20.2,0.35
45,FY11,40.42,2.65,16.5,20.2,0.35
45,FY12,39.49,6.63,16.5,20.2,0.35
45,FY13,25.41,6.14,16.5,20.2,0.35
45,FY14,15.0,7.59,16.5,20.2,0.35
45,FY15,31.51,5.72,16.5,20.2,0.35
45,FY16,34.94,5.37,16.5,20.2,0.35
45,FY17,40.7,5.66,16.5,20.2,0.35
45,FY18,42.23,5.49,16.5,20.2,0.35
45,FY19,20.13,7.48,16.5,20.2,0.35
45,FY20,35.45,6.2,16.5,20.2,0.35
45,FY21,44.56,2.45,16.5,20.2,0.35
45,FY22,27.86,3.43,16.5,20.2,0.35
45,FY23,33.91,6.84,16.5,20.2,0.35
45,FY24,43.99,4.73,16.5,20.2,0.35
46,FY11,38.59,7.5,16.5,20.2,0.35
46,FY12,35.5,3.46,16.5,20.2,0.35
46,FY13,33.24,7.82,16.5,20.2,0.35
46,FY14,44.63,5.85,16.5,20.2,0.35
46,FY15,41.61,3.2,16.5,20.2,0.35
46,FY16,22.38,7.72,16.5,20.2,0.35
46,FY17,19.06,3.15,16.5,20.2,0.35
46,FY18,27.62,5.54,16.5,20.2,0.35
46,FY19,33.11,3.75,16.5,20.2,0.35
46,FY20,42.62,7.49,16.5,20.2,0.35
46,FY21,26.76,4.61,16.5,20.2,0.35
46,FY22,36.07,5.98,16.5,20.2,0.35
46,FY23,26.47,4.49,16.5,20.2,0.35
46,FY24,25.44,3.41,16.5,20.2,0.35
47,FY11,28.74,6.12,16.5,20.2,0.35
47,FY12,37.26,6.67,16.5,20.2,0.35
47,FY13,26.24,6.59,16.5,20.2,0.35
47,FY14,15.2,4.86,16.5,20.2,0.35
47,FY15,38.82,5.78,16.5,20.2,0.35
47,FY16,29.22,5.87,16.5,20.2,0.35
47,FY17,42.21,5.4,16.5,20.2,0.35
47,FY18,38.99,7.88,16.5,20.2,0.35
47,FY19,36.17,5.44,16.5,20.2,0.35
47,FY20,16.12,4.25,16.5,20.2,0.35
47,FY21,31.96,6.78,16.5,20.2,0.35
47,FY22,28.14,7.76,16.5,20.2,0.35
47,FY23,23.15,6.47,16.5,20.2,0.35
47,FY24,27.57,4.92,16.5,20.2,0.35
48,FY11,39.08,3.78,16.5,20.2,0.35
48,FY12,17.9,5.12,16.5,20.2,0.35
48,FY13,30.86,6.78,16.5,20.2,0.35
48,FY14,44.05,2.33,16.5,20.2,0.35
48,FY15,32.75,6.09,16.5,20.2,0.35
48,FY16,44.57,7.66,16.5,20.2,0.35
48,FY17,36.37,5.13,16.5,20.2,0.35
48,FY18,19.85,4.31,16.5,20.2,0.35
48,FY19,32.55,6.35,16.5,20.2,0.35
48,FY20,34.06,6.28,16.5,20.2,0.35
48,FY21,27.87,6.37,16.5,20.2,0.35
48,FY22,19.31,2.98,16.5,20.2,0.35
48,FY23,19.88,7.35,16.5,20.2,0.35
48,FY24,17.28,6.81,16.5,20.2,0.35
49,FY11,22.01,4.81,16.5,20.2,0.35
49,FY12,42.48,5.52,16.5,20.2,0.35
49,FY13,21.3,3.7,16.5,20.2,0.35
49,FY14,42.61,4.56,16.5,20.2,0.35
49,FY15,32.61,4.76,16.5,20.2,0.35
49,FY16,26.35,3.34,16.5,20.2,0.35
49,FY17,35.59,6.31,16.5,20.2,0.35
49,FY18,23.25,6.73,16.5,20.2,0.35
49,FY19,40.64,7.52,16.5,20.2,0.35
49,FY20,19.84,3.82,16.5,20.2,0.35
49,FY21,40.81,3.19,16.5,20.2,0.35
49,FY22,15.1,7.22,16.5,20.2,0.35
49,FY23,24.79,4.49,16.5,20.2,0.35
49,FY24,28.39,7.09,16.5,20.2,0.35
50,FY11,25.14,7.35,16.5,20.2,0.35
50,FY12,33.51,5.16,16.5,20.2,0.35
50,FY13,24.77,3.46,16.5,20.2,0.35
50,FY14,33.72,4.68,16.5,20.2,0.35
50,FY15,42.32,4.95,16.5,20.2,0.35
50,FY16,30.35,4.5,16.5,20.2,0.35
50,FY17,38.68,4.55,16.5,20.2,0.35
50,FY18,23.08,7.17,16.5,20.2,0.35
50,FY19,32.9,5.55,16.5,20.2,0.35
50,FY20,33.32,6.31,16.5,20.2,0.35
50,FY21,24.39,2.2,16.5,20.2,0.35
50,FY22,39.32,2.77,16.5,20.2,0.35
50,FY23,36.65,2.49,16.5,20.2,0.35
50,FY24,26.26,2.38,16.5,20.2,0.35
51,FY11,30.67,5.92,16.5,20.2,0.35
51,FY12,20.14,4.23,16.5,20.2,0.35
51,FY13,42.91,4.65,16.5,20.2,0.35
51,FY14,39.08,7.56,16.5,20.2,0.35
51,FY15,44.23,7.39,16.5,20.2,0.35
51,FY16,24.52,7.78,16.5,20.2,0.35
51,FY17,39.37,7.02,16.5,20.2,0.35
51,FY18,15.46,7.73,16.5,20.2,0.35
51,FY19,38.34,6.61,16.5,20.2,0.35
51,FY20,17.45,3.4,16.5,20.2,0.35
51,FY21,43.87,5.0,16.5,20.2,0.35
51,FY22,26.94,7.04,16.5,20.2,0.35
51,FY23,17.62,4.5,16.5,20.2,0.35
51,FY24,26.27,4.1,16.5,20.2,0.35
52,FY11,24.23,3.26,16.5,20.2,0.35
52,FY12,20.19,5.84,16.5,20.2,0.35
52,FY13,42.58,5.05,16.5,20.2,0.35
52,FY14,23.94,2.95,16.5,20.2,0.35
52,FY15,39.9,7.83,16.5,20.2,0.35
52,FY16,25.47,3.75,16.5,20.2,0.35
52,FY17,33.04,6.65,16.5,20.2,0.35
52,FY18,28.66,5.78,16.5,20.2,0.35
52,FY19,36.5,7.76,16.5,20.2,0.35
52,FY20,19.95,7.98,16.5,20.2,0.35
52,FY21,26.76,6.34,16.5,20.2,0.35
52,FY22,32.17,4.92,16.5,20.2,0.35
52,FY23,35.94,4.37,16.5,20.2,0.35
52,FY24,18.78,4.93,16.5,20.2,0.35
53,FY11,30.66,3.21,16.5,20.2,0.35
53,FY12,43.07,3.36,16.5,20.2,0.35
53,FY13,27.28,2.93,16.5,20.2,0.35
53,FY14,31.07,3.85,16.5,20.2,0.35
53,FY15,29.68,3.35,16.5,20.2,0.35
53,FY16,16.61,6.68,16.5,20.2,0.35
53,FY17,34.23,4.04,16.5,20.2,0.35
53,FY18,16.42,7.19,16.5,20.2,0.35
53,FY19,20.09,7.58,16.5,20.2,0.35
53,FY20,29.36,4.04,16.5,20.2,0.35
53,FY21,37.25,7.26,16.5,20.2,0.35
53,FY22,26.12,4.44,16.5,20.2,0.35
53,FY23,27.99,7.53,16.5,20.2,0.35
53,FY24,35.78,3.49,16.5,20.2,0.35
54,FY11,20.55,3.38,16.5,20.2,0.35
54,FY12,22.91,3.38,16.5,20.2,0.35
54,FY13,34.76,2.7,16.5,20.2,0.35
54,FY14,26.62,5.75,16.5,20.2,0.35
54,FY15,23.73,2.39,16.5,20.2,0.35
54,FY16,17.45,2.76,16.5,20.2,0.35
54,FY17,40.08,5.95,16.5,20.2,0.35
54,FY18,16.94,4.35,16.5,20.2,0.35
54,FY19,23.36,5.47,16.5,20.2,0.35
54,FY20,30.68,4.89,16.5,20.2,0.35
54,FY21,24.44,2.83,16.5,20.2,0.35
54,FY22,37.27,7.28,16.5,20.2,0.35
54,FY23,43.32,2.35,16.5,20.2,0.35
54,FY24,37.2,6.36,16.5,20.2,0.35
55,FY11,43.41,3.52,16.5,20.2,0.35
55,FY12,37.27,2.33,16.5,20.2,0.35
55,FY13,33.94,4.11,16.5,20.2,0.35
55,FY14,38.07,7.18,16.5,20.2,0.35
55,FY15,25.94,5.15,16.5,20.2,0.35
55,FY16,18.52,4.5,16.5,20.2,0.35
55,FY17,25.82,3.1,16.5,20.2,0.35
55,FY18,41.83,2.89,16.5,20.2,0.35
55,FY19,34.07,7.34,16.5,20.2,0.35
55,FY20,42.36,6.76,16.5,20.2,0.35
55,FY21,20.28,6.9,16.5,20.2,0.35
55,FY22,23.3,7.53,16.5,20.2,0.35
55,FY23,36.27,6.71,16.5,20.2,0.35
55,FY24,17.55,5.5,16.5,20.2,0.35
56,FY11,39.63,7.17,16.5,20.2,0.35
56,FY12,15.86,7.63,16.5,20.2,0.35
56,FY13,16.3,5.69,16.5,20.2,0.35
56,FY14,35.8,2.64,16.5,20.2,0.35
56,FY15,16.44,6.71,16.5,20.2,0.35
56,FY16,26.54,2.64,16.5,20.2,0.35
56,FY17,37.88,7.09,16.5,20.2,0.35
56,FY18,32.62,2.97,16.5,20.2,0.35
56,FY19,15.46,6.2,16.5,20.2,0.35
56,FY20,31.5,5.9,16.5,20.2,0.35
56,FY21,39.4,4.61,16.5,20.2,0.35
56,FY22,18.74,7.64,16.5,20.2,0.35
56,FY23,31.36,5.69,16.5,20.2,0.35
56,FY24,43.0,7.59,16.5,20.2,0.35
57,FY11,32.16,3.79,16.5,20.2,0.35
57,FY12,44.91,6.08,16.5,20.2,0.35
57,FY13,27.25,5.36,16.5,20.2,0.35
57,FY14,27.48,7.33,16.5,20.2,0.35
57,FY15,29.47,6.94,16.5,20.2,0.35
57,FY16,40.21,6.95,16.5,20.2,0.35
57,FY17,36.67,7.13,16.5,20.2,0.35
57,FY18,26.62,2.69,16.5,20.2,0.35
57,FY19,40.27,4.99,16.5,20.2,0.35
57,FY20,18.82,2.69,16.5,20.2,0.35
57,FY21,19.78,6.51,16.5,20.2,0.35
57,FY22,36.33,3.22,16.5,20.2,0.35
57,FY23,40.41,3.69,16.5,20.2,0.35
57,FY24,38.79,4.93,16.5,20.2,0.35
58,FY11,36.95,4.29,16.5,20.2,0.35
58,FY12,25.41,7.05,16.5,20.2,0.35
58,FY13,16.06,7.85,16.5,20.2,0.35
58,FY14,34.45,4.59,16.5,20.2,0.35
58,FY15,33.84,2.74,16.5,20.2,0.35
58,FY16,30.42,7.91,16.5,20.2,0.35
58,FY17,22.06,6.33,16.5,20.2,0.35
58,FY18,28.05,5.91,16.5,20.2,0.35
58,FY19,21.15,4.82,16.5,20.2,0.35
58,FY20,44.4,3.17,16.5,20.2,0.35
58,FY21,34.09,5.45,16.5,20.2,0.35
58,FY22,31.95,5.69,16.5,20.2,0.35
58,FY23,30.07,2.1,16.5,20.2,0.35
58,FY24,42.0,6.96,16.5,20.2,0.35
59,FY11,20.23,4.48,16.5,20.2,0.35
59,FY12,38.12,7.88,16.5,20.2,0.35
59,FY13,43.53,7.4,16.5,20.2,0.35
59,FY14,19.75,7.49,16.5,20.2,0.35
59,FY15,41.35,4.26,16.5,20.2,0.35
59,FY16,26.84,4.76,16.5,20.2,0.35
59,FY17,34.69,3.57,16.5,20.2,0.35
59,FY18,15.69,2.85,16.5,20.2,0.35
59,FY19,28.2,3.69,16.5,20.2,0.35
59,FY20,37.94,2.64,16.5,20.2,0.35
59,FY21,42.52,7.37,16.5,20.2,0.35
59,FY22,42.26,6.44,16.5,20.2,0.35
59,FY23,18.21,4.63,16.5,20.2,0.35
59,FY24,18.94,7.93,16.5,20.2,0.35
60,FY11,24.99,5.51,16.5,20.2,0.35
60,FY12,38.38,7.52,16.5,20.2,0.35
60,FY13,37.67,6.05,16.5,20.2,0.35
60,FY14,28.98,5.63,16.5,20.2,0.35
60,FY15,17.82,7.3,16.5,20.2,0.35
60,FY16,31.31,2.24,16.5,20.2,0.35
60,FY17,42.6,4.94,16.5,20.2,0.35
60,FY18,41.06,7.14,16.5,20.2,0.35
60,FY19,39.47,2.37,16.5,20.2,0.35
60,FY20,22.41,7.25,16.5,20.2,0.35
60,FY21,41.97,4.75,16.5,20.2,0.35
60,FY22,28.2,3.05,16.5,20.2,0.35
60,FY23,44.05,3.28,16.5,20.2,0.35
60,FY24,20.73,5.96,16.5,20.2,0.35
61,FY11,22.29,7.63,16.5,20.2,0.35
61,FY12,15.33,2.03,16.5,20.2,0.35
61,FY13,30.15,4.93,16.5,20.2,0.35
61,FY14,19.9,4.97,16.5,20.2,0.35
61,FY15,27.35,7.34,16.5,20.2,0.35
61,FY16,15.28,7.86,16.5,20.2,0.35
61,FY17,33.73,2.91,16.5,20.2,0.35
61,FY18,16.4,5.23,16.5,20.2,0.35
61,FY19,22.05,3.81,16.5,20.2,0.35
61,FY20,22.35,5.9,16.5,20.2,0.35
61,FY21,31.61,2.47,16.5,20.2,0.35
61,FY22,30.8,6.75,16.5,20.2,0.35
61,FY23,17.44,7.34,16.5,20.2,0.35
61,FY24,32.35,7.7,16.5,20.2,0.35
62,FY11,19.44,7.96,16.5,20.2,0.35
62,FY12,34.33,5.4,16.5,20.2,0.35
62,FY13,30.46,2.14,16.5,20.2,0.35
62,FY14,43.19,5.86,16.5,20.2,0.35
62,FY15,17.75,2.13,16.5,20.2,0.35
62,FY16,16.52,5.66,16.5,20.2,0.35
62,FY17,33.42,5.0,16.5,20.2,0.35
62,FY18,24.2,5.19,16.5,20.2,0.35
62,FY19,30.49,2.12,16.5,20.2,0.35
62,FY20,23.47,2.32,16.5,20.2,0.35
62,FY21,42.0,6.35,16.5,20.2,0.35
62,FY22,44.88,3.81,16.5,20.2,0.35
62,FY23,41.35,5.62,16.5,20.2,0.35
62,FY24,28.59,3.34,16.5,20.2,0.35
63,FY11,37.15,7.42,16.5,20.2,0.35
63,FY12,22.06,3.05,16.5,20.2,0.35
63,FY13,35.89,7.86,16.5,20.2,0.35
63,FY14,37.5,3.71,16.5,20.2,0.35
63,FY15,27.6,4.31,16.5,20.2,0.35
63,FY16,40.56,6.63,16.5,20.2,0.35
63,FY17,32.67,3.65,16.5,20.2,0.35
63,FY18,43.14,5.92,16.5,20.2,0.35
63,FY19,44.11,5.48,16.5,20.2,0.35
63,FY20,39.64,6.88,16.5,20.2,0.35
63,FY21,25.12,7.78,16.5,20.2,0.35
63,FY22,15.66,6.61,16.5,20.2,0.35
63,FY23,43.97,4.03,16.5,20.2,0.35
63,FY24,34.44,5.37,16.5,20.2,0.35
64,FY11,37.85,7.2,16.5,20.2,0.35
64,FY12,33.09,6.9,16.5,20.2,0.35
64,FY13,24.37,3.37,16.5,20.2,0.35
64,FY14,27.92,6.07,16.5,20.2,0.35
64,FY15,20.62,6.08,16.5,20.2,0.35
64,FY16,26.82,6.77,16.5,20.2,0.35
64,FY17,16.11,6.01,16.5,20.2,0.35
64,FY18,34.49,7.65,16.5,20.2,0.35
64,FY19,36.4,6.78,16.5,20.2,0.35
64,FY20,42.14,6.05,16.5,20.2,0.35
64,FY21,23.7,7.22,16.5,20.2,0.35
64,FY22,37.43,4.55,16.5,20.2,0.35
64,FY23,36.32,7.21,16.5,20.2,0.35
64,FY24,44.27,7.71,16.5,20.2,0.35
65,FY11,24.76,4.53,16.5,20.2,0.35
65,FY12,18.29,3.49,16.5,20.2,0.35
65,FY13,41.47,4.17,16.5,20.2,0.35
65,FY14,33.62,6.0,16.5,20.2,0.35
65,FY15,38.45,3.1,16.5,20.2,0.35
65,FY16,24.14,4.69,16.5,20.2,0.35
65,FY17,25.95,7.9,16.5,20.2,0.35
65,FY18,40.05,4.88,16.5,20.2,0.35
65,FY19,41.38,4.09,16.5,20.2,0.35
65,FY20,38.57,3.34,16.5,20.2,0.35
65,FY21,38.17,4.74,16.5,20.2,0.35
65,FY22,18.22,3.64,16.5,20.2,0.35
65,FY23,27.07,6.5,16.5,20.2,0.35
65,FY24,17.19,5.96,16.5,20.2,0.35
66,FY11,36.48,5.92,16.5,20.2,0.35
66,FY12,37.82,3.07,16.5,20.2,0.35
66,FY13,32.61,7.65,16.5,20.2,0.35
66,FY14,33.32,5.67,16.5,20.2,0.35
66,FY15,37.09,4.0,16.5,20.2,0.35
66,FY16,36.01,7.5,16.5,20.2,0.35
66,FY17,15.33,7.22,16.5,20.2,0.35
66,FY18,21.56,4.74,16.5,20.2,0.35
66,FY19,40.57,6.94,16.5,20.2,0.35
66,FY20,41.76,7.64,16.5,20.2,0.35
66,FY21,28.41,5.94,16.5,20.2,0.35
66,FY22,26.71,4.1,16.5,20.2,0.35
66,FY23,27.95,6.46,16.5,20.2,0.35
66,FY24,30.04,6.88,16.5,20.2,0.35
67,FY11,37.36,2.12,16.5,20.2,0.35
67,FY12,33.91,4.62,16.5,20.2,0.35
67,FY13,28.7,6.91,16.5,20.2,0.35
67,FY14,31.43,7.31,16.5,20.2,0.35
67,FY15,36.38,5.32,16.5,20.2,0.35
67,FY16,37.64,2.23,16.5,20.2,0.35
67,FY17,15.81,2.5,16.5,20.2,0.35
67,FY18,28.13,3.41,16.5,20.2,0.35
67,FY19,44.53,5.25,16.5,20.2,0.35
67,FY20,34.87,3.67,16.5,20.2,0.35
67,FY21,24.65,4.01,16.5,20.2,0.35
67,FY22,35.96,4.84,16.5,20.2,0.35
67,FY23,30.53,5.55,16.5,20.2,0.35
67,FY24,38.06,2.54,16.5,20.2,0.35
68,FY11,38.31,5.38,16.5,20.2,0.35
68,FY12,35.07,3.97,16.5,20.2,0.35
68,FY13,27.28,3.39,16.5,20.2,0.35
68,FY14,44.38,4.98,16.5,20.2,0.35
68,FY15,44.88,4.94,16.5,20.2,0.35
68,FY16,21.59,5.04,16.5,20.2,0.35
68,FY17,16.19,7.43,16.5,20.2,0.35
68,FY18,39.56,6.35,16.5,20.2,0.35
68,FY19,33.29,5.48,16.5,20.2,0.35
68,FY20,44.9,3.67,16.5,20.2,0.35
68,FY21,38.39,5.49,16.5,20.2,0.35
68,FY22,44.28,6.97,16.5,20.2,0.35
68,FY23,44.96,5.53,16.5,20.2,0.35
68,FY24,21.14,5.02,16.5,20.2,0.35
69,FY11,36.33,6.65,16.5,20.2,0.35
69,FY12,15.02,5.03,16.5,20.2,0.35
69,FY13,22.06,7.25,16.5,20.2,0.35
69,FY14,19.59,6.0,16.5,20.2,0.35
69,FY15,22.98,4.14,16.5,20.2,0.35
69,FY16,43.22,3.44,16.5,20.2,0.35
69,FY17,17.85,2.42,16.5,20.2,0.35
69,FY18,30.14,5.85,16.5,20.2,0.35
69,FY19,24.82,6.14,16.5,20.2,0.35
69,FY20,16.83,7.14,16.5,20.2,0.35
69,FY21,39.5,7.91,16.5,20.2,0.35
69,FY22,43.1,4.14,16.5,20.2,0.35
69,FY23,26.98,6.48,16.5,20.2,0.35
69,FY24,19.02,3.88,16.5,20.2,0.35
70,FY11,18.56,4.73,16.5,20.2,0.35
70,FY12,31.56,3.27,16.5,20.2,0.35
70,FY13,15.8,6.32,16.5,20.2,0.35
70,FY14,15.6,7.84,16.5,20.2,0.35
70,FY15,21.65,5.98,16.5,20.2,0.35
70,FY16,28.04,2.36,16.5,20.2,0.35
70,FY17,29.17,5.1,16.5,20.2,0.35
70,FY18,40.64,6.39,16.5,20.2,0.35
70,FY19,17.38,3.25,16.5,20.2,0.35
70,FY20,24.36,2.7,16.5,20.2,0.35
70,FY21,28.71,7.91,16.5,20.2,0.35
70,FY22,30.44,6.45,16.5,20.2,0.35
70,FY23,35.49,7.1,16.5,20.2,0.35
70,FY24,21.47,6.52,16.5,20.2,0.35
71,FY11,41.44,3.03,16.5,20.2,0.35
71,FY12,25.4,7.82,16.5,20.2,0.35
71,FY13,38.42,3.7,16.5,20.2,0.35
71,FY14,31.92,4.43,16.5,20.2,0.35
71,FY15,29.7,4.13,16.5,20.2,0.35
71,FY16,23.38,6.05,16.5,20.2,0.35
71,FY17,38.36,7.24,16.5,20.2,0.35
71,FY18,19.66,6.94,16.5,20.2,0.35
71,FY19,22.64,4.56,16.5,20.2,0.35
71,FY20,42.04,4.73,16.5,20.2,0.35
71,FY21,20.91,2.96,16.5,20.2,0.35
71,FY22,29.19,6.58,16.5,20.2,0.35
71,FY23,44.92,6.72,16.5,20.2,0.35
71,FY24,41.31,6.49,16.5,20.2,0.35
72,FY11,41.86,2.46,16.5,20.2,0.35
72,FY12,42.9,4.38,16.5,20.2,0.35
72,FY13,42.65,2.45,16.5,20.2,0.35
72,FY14,36.46,6.41,16.5,20.2,0.35
72,FY15,44.91,6.61,16.5,20.2,0.35
72,FY16,26.48,5.34,16.5,20.2,0.35
72,FY17,26.0,3.18,16.5,20.2,0.35
72,FY18,22.46,3.33,16.5,20.2,0.35
72,FY19,31.46,7.44,16.5,20.2,0.35
72,FY20,42.38,2.33,16.5,20.2,0.35
72,FY21,17.4,3.47,16.5,20.2,0.35
72,FY22,22.65,2.57,16.5,20.2,0.35
72,FY23,26.65,5.53,16.5,20.2,0.35
72,FY24,32.34,5.26,16.5,20.2,0.35
73,FY11,25.16,6.24,16.5,20.2,0.35
73,FY12,39.79,4.08,16.5,20.2,0.35
73,FY13,17.57,3.78,16.5,20.2,0.35
73,FY14,19.12,4.8,16.5,20.2,0.35
73,FY15,19.68,4.78,16.5,20.2,0.35
73,FY16,21.63,6.43,16.5,20.2,0.35
73,FY17,15.83,5.33,16.5,20.2,0.35
73,FY18,20.08,2.01,16.5,20.2,0.35
73,FY19,41.08,6.03,16.5,20.2,0.35
73,FY20,17.97,5.98,16.5,20.2,0.35
73,FY21,33.35,4.84,16.5,20.2,0.35
73,FY22,27.58,7.32,16.5,20.2,0.35
73,FY23,22.35,4.39,16.5,20.2,0.35
73,FY24,24.87,6.63,16.5,20.2,0.35
74,FY11,42.49,7.1,16.5,20.2,0.35
74,FY12,38.93,7.92,16.5,20.2,0.35
74,FY13,35.91,6.51,16.5,20.2,0.35
74,FY14,44.48,2.04,16.5,20.2,0.35
74,FY15,34.02,6.43,16.5,20.2,0.35
74,FY16,42.53,7.3,16.5,20.2,0.35
74,FY17,40.26,7.67,16.5,20.2,0.35
74,FY18,31.12,2.04,16.5,20.2,0.35
74,FY19,15.33,5.27,16.5,20.2,0.35
74,FY20,28.06,4.71,16.5,20.2,0.35
74,FY21,27.01,7.51,16.5,20.2,0.35
74,FY22,25.78,7.14,16.5,20.2,0.35
74,FY23,42.09,5.0,16.5,20.2,0.35
74,FY24,28.41,6.57,16.5,20.2,0.35
75,FY11,36.24,3.97,16.5,20.2,0.35
75,FY12,18.08,3.59,16.5,20.2,0.35
75,FY13,18.93,3.77,16.5,20.2,0.35
75,FY14,22.85,5.83,16.5,20.2,0.35
75,FY15,43.63,6.11,16.5,20.2,0.35
75,FY16,42.8,6.7,16.5,20.2,0.35
75,FY17,36.84,4.48,16.5,20.2,0.35
75,FY18,24.74,7.08,16.5,20.2,0.35
75,FY19,42.16,4.71,16.5,20.2,0.35
75,FY20,15.27,6.76,16.5,20.2,0.35
75,FY21,23.55,2.06,16.5,20.2,0.35
75,FY22,39.15,5.1,16.5,20.2,0.35
75,FY23,35.56,7.49,16.5,20.2,0.35
75,FY24,31.24,5.02,16.5,20.2,0.35
76,FY11,23.72,3.83,16.5,20.2,0.35
76,FY12,38.9,4.69,16.5,20.2,0.35
76,FY13,19.91,2.57,16.5,20.2,0.35
76,FY14,29.19,4.79,16.5,20.2,0.35
76,FY15,34.6,4.83,16.5,20.2,0.35
76,FY16,19.3,5.05,16.5,20.2,0.35
76,FY17,42.2,2.96,16.5,20.2,0.35
76,FY18,35.69,5.56,16.5,20.2,0.35
76,FY19,37.46,2.9,16.5,20.2,0.35
76,FY20,43.25,5.73,16.5,20.2,0.35
76,FY21,40.41,3.48,16.5,20.2,0.35
76,FY22,37.18,6.69,16.5,20.2,0.35
76,FY23,26.92,4.3,16.5,20.2,0.35
76,FY24,34.73,2.56,16.5,20.2,0.35
77,FY11,37.07,2.26,16.5,20.2,0.35
77,FY12,20.72,5.98,16.5,20.2,0.35
77,FY13,17.95,7.83,16.5,20.2,0.35
77,FY14,41.05,5.76,16.5,20.2,0.35
77,FY15,39.57,7.33,16.5,20.2,0.35
77,FY16,22.78,7.1,16.5,20.2,0.35
77,FY17,20.84,4.48,16.5,20.2,0.35
77,FY18,31.75,6.28,16.5,20.2,0.35
77,FY19,15.9,3.74,16.5,20.2,0.35
77,FY20,33.26,4.14,16.5,20.2,0.35
77,FY21,38.25,5.91,16.5,20.2,0.35
77,FY22,22.03,2.88,16.5,20.2,0.35
77,FY23,33.87,4.7,16.5,20.2,0.35
77,FY24,20.07,3.96,16.5,20.2,0.35
78,FY11,24.09,2.65,16.5,20.2,0.35
78,FY12,31.41,6.58,16.5,20.2,0.35
78,FY13,32.26,6.96,16.5,20.2,0.35
78,FY14,18.83,4.61,16.5,20.2,0.35
78,FY15,33.28,6.06,16.5,20.2,0.35
78,FY16,35.87,6.37,16.5,20.2,0.35
78,FY17,34.54,2.57,16.5,20.2,0.35
78,FY18,35.86,6.35,16.5,20.2,0.35
78,FY19,44.8,6.16,16.5,20.2,0.35
78,FY20,35.6,5.09,16.5,20.2,0.35
78,FY21,41.04,7.98,16.5,20.2,0.35
78,FY22,38.37,5.68,16.5,20.2,0.35
78,FY23,17.37,6.36,16.5,20.2,0.35
78,FY24,36.26,6.65,16.5,20.2,0.35
79,FY11,18.74,5.92,16.5,20.2,0.35
79,FY12,23.87,6.56,16.5,20.2,0.35
79,FY13,22.21,6.1,16.5,20.2,0.35
79,FY14,23.85,2.05,16.5,20.2,0.35
79,FY15,34.0,2.68,16.5,20.2,0.35
79,FY16,34.78,7.55,16.5,20.2,0.35
79,FY17,44.08,3.42,16.5,20.2,0.35
79,FY18,39.28,4.12,16.5,20.2,0.35
79,FY19,42.01,6.72,16.5,20.2,0.35
79,FY20,17.22,4.44,16.5,20.2,0.35
79,FY21,25.12,6.71,16.5,20.2,0.35
79,FY22,27.31,6.11,16.5,20.2,0.35
79,FY23,33.07,7.85,16.5,20.2,0.35
79,FY24,43.13,4.57,16.5,20.2,0.35
80,FY11,36.71,6.98,16.5,20.2,0.35
80,FY12,41.97,2.41,16.5,20.2,0.35
80,FY13,24.06,3.92,16.5,20.2,0.35
80,FY14,28.03,3.02,16.5,20.2,0.35
80,FY15,29.89,5.98,16.5,20.2,0.35
80,FY16,29.92,5.99,16.5,20.2,0.35
80,FY17,16.99,7.26,16.5,20.2,0.35
80,FY18,43.17,5.71,16.5,20.2,0.35
80,FY19,41.44,2.79,16.5,20.2,0.35
80,FY20,38.92,2.71,16.5,20.2,0.35
80,FY21,27.24,3.94,16.5,20.2,0.35
80,FY22,32.57,3.81,16.5,20.2,0.35
80,FY23,34.12,4.2,16.5,20.2,0.35
80,FY24,40.82,5.8,16.5,20.2,0.35
81,FY12,21.46,4.02,16.5,20.2,0.35
81,FY13,40.42,4.32,16.5,20.2,0.35
81,FY14,31.07,5.89,16.5,20.2,0.35
81,FY15,25.43,3.76,16.5,20.2,0.35
81,FY16,29.26,3.29,16.5,20.2,0.35
81,FY17,23.53,2.37,16.5,20.2,0.35
81,FY18,24.12,3.92,16.5,20.2,0.35
81,FY19,43.85,5.54,16.5,20.2,0.35
81,FY20,38.62,2.27,16.5,20.2,0.35
81,FY21,18.2,6.89,16.5,20.2,0.35
81,FY22,33.71,3.15,16.5,20.2,0.35
81,FY23,27.14,5.23,16.5,20.2,0.35
81,FY24,40.31,2.36,16.5,20.2,0.35
82,FY12,32.9,6.3,16.5,20.2,0.35
82,FY13,44.34,6.84,16.5,20.2,0.35
82,FY14,23.29,6.26,16.5,20.2,0.35
82,FY15,37.9,6.38,16.5,20.2,0.35
82,FY16,39.6,7.42,16.5,20.2,0.35
82,FY17,17.95,2.63,16.5,20.2,0.35
82,FY18,38.89,3.51,16.5,20.2,0.35
82,FY19,16.76,4.41,16.5,20.2,0.35
82,FY20,39.6,2.76,16.5,20.2,0.35
82,FY21,35.16,2.02,16.5,20.2,0.35
82,FY22,18.29,4.11,16.5,20.2,0.35
82,FY23,17.51,7.08,16.5,20.2,0.35
82,FY24,40.92,6.53,16.5,20.2,0.35
83,FY12,22.27,5.14,16.5,20.2,0.35
83,FY13,20.53,3.69,16.5,20.2,0.35
83,FY14,30.48,6.41,16.5,20.2,0.35
83,FY15,17.84,3.78,16.5,20.2,0.35
83,FY16,42.8,4.57,16.5,20.2,0.35
83,FY17,43.17,7.95,16.5,20.2,0.35
83,FY18,30.8,3.73,16.5,20.2,0.35
83,FY19,38.72,2.96,16.5,20.2,0.35
83,FY20,22.56,6.71,16.5,20.2,0.35
83,FY21,28.01,3.21,16.5,20.2,0.35
83,FY22,34.53,6.4,16.5,20.2,0.35
83,FY23,18.75,3.66,16.5,20.2,0.35
83,FY24,21.64,4.28,16.5,20.2,0.35
84,FY12,37.9,6.28,16.5,20.2,0.35
84,FY13,34.88,2.04,16.5,20.2,0.35
84,FY14,19.26,3.34,16.5,20.2,0.35
84,FY15,23.16,2.88,16.5,20.2,0.35
84,FY16,27.31,2.45,16.5,20.2,0.35
84,FY17,37.5,6.73,16.5,20.2,0.35
84,FY18,32.23,2.54,16.5,20.2,0.35
84,FY19,41.7,7.79,16.5,20.2,0.35
84,FY20,21.07,6.23,16.5,20.2,0.35
84,FY21,40.26,5.24,16.5,20.2,0.35
84,FY22,24.7,4.87,16.5,20.2,0.35
84,FY23,30.37,4.4,16.5,20.2,0.35
84,FY24,42.9,6.46,16.5,20.2,0.35
85,FY12,22.24,5.51,16.5,20.2,0.35
85,FY13,35.66,2.84,16.5,20.2,0.35
85,FY14,25.75,7.43,16.5,20.2,0.35
85,FY15,32.02,3.3,16.5,20.2,0.35
85,FY16,18.68,5.11,16.5,20.2,0.35
85,FY17,31.43,4.01,16.5,20.2,0.35
85,FY18,33.91,2.41,16.5,20.2,0.35
85,FY19,19.35,5.28,16.5,20.2,0.35
85,FY20,16.85,7.29,16.5,20.2,0.35
85,FY21,19.26,6.04,16.5,20.2,0.35
85,FY22,26.74,4.4,16.5,20.2,0.35
85,FY23,37.95,5.0,16.5,20.2,0.35
85,FY24,36.77,5.03,16.5,20.2,0.35
86,FY12,32.79,6.56,16.5,20.2,0.35
86,FY13,33.22,5.69,16.5,20.2,0.35
86,FY14,38.68,7.69,16.5,20.2,0.35
86,FY15,26.3,5.46,16.5,20.2,0.35
86,FY16,17.59,4.15,16.5,20.2,0.35
86,FY17,27.36,7.01,16.5,20.2,0.35
86,FY18,30.4,6.39,16.5,20.2,0.35
86,FY19,15.57,4.79,16.5,20.2,0.35
86,FY20,42.04,3.35,16.5,20.2,0.35
86,FY21,15.95,4.6,16.5,20.2,0.35
86,FY22,36.13,4.73,16.5,20.2,0.35
86,FY23,28.8,6.02,16.5,20.2,0.35
86,FY24,22.63,6.51,16.5,20.2,0.35
87,FY12,19.59,4.37,16.5,20.2,0.35
87,FY13,34.68,6.97,16.5,20.2,0.35
87,FY14,38.75,6.33,16.5,20.2,0.35
87,FY15,25.77,2.73,16.5,20.2,0.35
87,FY16,21.51,7.19,16.5,20.2,0.35
87,FY17,40.72,7.71,16.5,20.2,0.35
87,FY18,17.28,5.22,16.5,20.2,0.35
87,FY19,34.46,6.26,16.5,20.2,0.35
87,FY20,34.32,6.62,16.5,20.2,0.35
87,FY21,25.78,3.08,16.5,20.2,0.35
87,FY22,21.14,2.07,16.5,20.2,0.35
87,FY23,25.51,2.55,16.5,20.2,0.35
87,FY24,24.64,5.77,16.5,20.2,0.35
88,FY12,41.83,7.04,16.5,20.2,0.35
88,FY13,22.58,2.8,16.5,20.2,0.35
88,FY14,20.79,7.83,16.5,20.2,0.35
88,FY15,31.48,3.1,16.5,20.2,0.35
88,FY16,40.22,4.37,16.5,20.2,0.35
88,FY17,41.98,3.56,16.5,20.2,0.35
88,FY18,26.8,5.03,16.5,20.2,0.35
88,FY19,41.78,7.21,16.5,20.2,0.35
88,FY20,32.23,3.33,16.5,20.2,0.35
88,FY21,27.1,7.85,16.5,20.2,0.35
88,FY22,33.23,6.69,16.5,20.2,0.35
88,FY23,28.5,5.19,16.5,20.2,0.35
88,FY24,27.87,6.22,16.5,20.2,0.35
89,FY12,40.54,5.04,16.5,20.2,0.35
89,FY13,29.43,4.04,16.5,20.2,0.35
89,FY14,20.31,7.64,16.5,20.2,0.35
89,FY15,24.48,6.8,16.5,20.2,0.35
89,FY16,36.46,6.75,16.5,20.2,0.35
89,FY17,43.1,5.74,16.5,20.2,0.35
89,FY18,41.94,3.01,16.5,20.2,0.35
89,FY19,33.8,6.63,16.5,20.2,0.35
89,FY20,23.15,6.44,16.5,20.2,0.35
89,FY21,38.35,6.99,16.5,20.2,0.35
89,FY22,24.39,6.09,16.5,20.2,0.35
89,FY23,24.13,6.43,16.5,20.2,0.35
89,FY24,28.89,5.59,16.5,20.2,0.35
90,FY12,27.48,2.97,16.5,20.2,0.35
90,FY13,20.34,2.47,16.5,20.2,0.35
90,FY14,33.54,7.09,16.5,20.2,0.35
90,FY15,15.63,2.4,16.5,20.2,0.35
90,FY16,28.72,6.43,16.5,20.2,0.35
90,FY17,19.73,3.63,16.5,20.2,0.35
90,FY18,21.96,4.39,16.5,20.2,0.35
90,FY19,21.75,4.12,16.5,20.2,0.35
90,FY20,36.86,5.67,16.5,20.2,0.35
90,FY21,17.44,5.83,16.5,20.2,0.35
90,FY22,29.31,7.61,16.5,20.2,0.35
90,FY23,23.68,6.36,16.5,20.2,0.35
90,FY24,36.93,3.33,16.5,20.2,0.35
91,FY12,42.1,4.95,16.5,20.2,0.35
91,FY13,35.37,2.88,16.5,20.2,0.35
91,FY14,22.73,5.52,16.5,20.2,0.35
91,FY15,24.57,5.0,16.5,20.2,0.35
91,FY16,26.22,5.84,16.5,20.2,0.35
91,FY17,29.61,2.03,16.5,20.2,0.35
91,FY18,34.49,4.53,16.5,20.2,0.35
91,FY19,25.25,2.56,16.5,20.2,0.35
91,FY20,21.61,3.34,16.5,20.2,0.35
91,FY21,43.06,4.6,16.5,20.2,0.35
91,FY22,16.26,2.83,16.5,20.2,0.35
91,FY23,17.37,5.53,16.5,20.2,0.35
91,FY24,20.6,4.99,16.5,20.2,0.35
92,FY12,26.1,6.82,16.5,20.2,0.35
92,FY13,24.61,4.75,16.5,20.2,0.35
92,FY14,36.64,4.6,16.5,20.2,0.35
92,FY15,38.8,5.97,16.5,20.2,0.35
92,FY16,27.32,5.02,16.5,20.2,0.35
92,FY17,44.02,5.97,16.5,20.2,0.35
92,FY18,42.15,3.07,16.5,20.2,0.35
92,FY19,29.5,7.45,16.5,20.2,0.35
92,FY20,24.68,7.81,16.5,20.2,0.35
92,FY21,17.91,7.42,16.5,20.2,0.35
92,FY22,28.36,2.44,16.5,20.2,0.35
92,FY23,41.39,3.51,16.5,20.2,0.35
92,FY24,15.67,2.81,16.5,20.2,0.35
